date,current_universe_equity,pit_universe_equity
2015-08-25,1000000.0,1000000.0
2015-08-26,1000000.0,1000000.0
2015-08-27,1000000.0,1000000.0
2015-08-28,1000000.0,1000000.0
2015-08-31,1000000.0,1000000.0
2015-09-01,1000000.0,1000000.0
2015-09-02,1000000.0,1000000.0
2015-09-03,1000000.0,1000000.0
2015-09-04,1000000.0,1000000.0
2015-09-07,1000000.0,1000000.0
2015-09-08,1000000.0,1000000.0
2015-09-09,1000000.0,1000000.0
2015-09-10,1000000.0,1000000.0
2015-09-11,1000000.0,1000000.0
2015-09-14,1000000.0,1000000.0
2015-09-15,1000000.0,1000000.0
2015-09-16,1000000.0,1000000.0
2015-09-18,1000000.0,1000000.0
2015-09-21,1000000.0,1000000.0
2015-09-22,1000000.0,1000000.0
2015-09-23,1000000.0,1000000.0
2015-09-24,1000000.0,1000000.0
2015-09-28,1000000.0,1000000.0
2015-09-29,1000000.0,1000000.0
2015-09-30,1000000.0,1000000.0
2015-10-01,1000000.0,1000000.0
2015-10-05,1000000.0,1000000.0
2015-10-06,1000000.0,1000000.0
2015-10-07,1000000.0,1000000.0
2015-10-08,1000000.0,1000000.0
2015-10-09,1000000.0,1000000.0
2015-10-12,1000000.0,1000000.0
2015-10-13,1000000.0,1000000.0
2015-10-14,1000000.0,1000000.0
2015-10-15,1000000.0,1000000.0
2015-10-16,1000000.0,1000000.0
2015-10-19,1000000.0,1000000.0
2015-10-20,1000000.0,1000000.0
2015-10-21,1000000.0,1000000.0
2015-10-23,1000000.0,1000000.0
2015-10-26,1000000.0,1000000.0
2015-10-27,1000000.0,1000000.0
2015-10-28,1000000.0,1000000.0
2015-10-29,1000000.0,1000000.0
2015-10-30,1000000.0,1000000.0
2015-11-02,1000000.0,1000000.0
2015-11-03,1000000.0,1000000.0
2015-11-04,1000000.0,1000000.0
2015-11-05,1000000.0,1000000.0
2015-11-06,1000000.0,1000000.0
2015-11-09,1000000.0,1000000.0
2015-11-10,1000000.0,1000000.0
2015-11-13,1000000.0,1000000.0
2015-11-16,1000000.0,1000000.0
2015-11-17,1000000.0,1000000.0
2015-11-18,1000000.0,1000000.0
2015-11-19,1000000.0,1000000.0
2015-11-20,1000000.0,1000000.0
2015-11-23,1000000.0,1000000.0
2015-11-24,1000000.0,1000000.0
2015-11-26,1000000.0,1000000.0
2015-11-27,1000000.0,1000000.0
2015-11-30,1000000.0,1000000.0
2015-12-01,1000000.0,1000000.0
2015-12-02,1000000.0,1000000.0
2015-12-03,1000000.0,1000000.0
2015-12-04,1000000.0,1000000.0
2015-12-07,1000000.0,1000000.0
2015-12-08,1000000.0,1000000.0
2015-12-09,1000000.0,1000000.0
2015-12-10,1000000.0,1000000.0
2015-12-11,1000000.0,1000000.0
2015-12-14,1000000.0,1000000.0
2015-12-15,1000000.0,1000000.0
2015-12-16,1000000.0,1000000.0
2015-12-17,1000000.0,1000000.0
2015-12-18,1000000.0,1000000.0
2015-12-21,1000000.0,1000000.0
2015-12-22,1000000.0,1000000.0
2015-12-23,1000000.0,1000000.0
2015-12-24,1000000.0,1000000.0
2015-12-28,1000000.0,1000000.0
2015-12-29,1000000.0,1000000.0
2015-12-30,1000000.0,1000000.0
2015-12-31,1000000.0,1000000.0
2016-01-04,1000000.0,1000000.0
2016-01-05,1000000.0,1000000.0
2016-01-06,1000000.0,1000000.0
2016-01-07,1000000.0,1000000.0
2016-01-08,1000000.0,1000000.0
2016-01-11,1000000.0,1000000.0
2016-01-12,1000000.0,1000000.0
2016-01-13,1000000.0,1000000.0
2016-01-14,1000000.0,1000000.0
2016-01-15,1000000.0,1000000.0
2016-01-18,1000000.0,1000000.0
2016-01-19,1000000.0,1000000.0
2016-01-20,1000000.0,1000000.0
2016-01-21,1000000.0,1000000.0
2016-01-22,1000000.0,1000000.0
2016-01-25,1000000.0,1000000.0
2016-01-27,1000000.0,1000000.0
2016-01-28,1000000.0,1000000.0
2016-01-29,1000000.0,1000000.0
2016-02-01,1000000.0,1000000.0
2016-02-02,1000000.0,1000000.0
2016-02-03,1000000.0,1000000.0
2016-02-04,1000000.0,1000000.0
2016-02-05,1000000.0,1000000.0
2016-02-08,1000000.0,1000000.0
2016-02-09,1000000.0,1000000.0
2016-02-10,1000000.0,1000000.0
2016-02-11,1000000.0,1000000.0
2016-02-12,1000000.0,1000000.0
2016-02-15,1000000.0,1000000.0
2016-02-16,1000000.0,1000000.0
2016-02-17,1000000.0,1000000.0
2016-02-18,1000000.0,1000000.0
2016-02-19,1000000.0,1000000.0
2016-02-22,1000000.0,1000000.0
2016-02-23,1000000.0,1000000.0
2016-02-24,1000000.0,1000000.0
2016-02-25,1000000.0,1000000.0
2016-02-26,1000000.0,1000000.0
2016-02-29,1000000.0,1000000.0
2016-03-01,1000000.0,1000000.0
2016-03-02,1000000.0,1000000.0
2016-03-03,1000000.0,1000000.0
2016-03-04,1000000.0,1000000.0
2016-03-08,1000000.0,1000000.0
2016-03-09,1000000.0,1000000.0
2016-03-10,1000000.0,1000000.0
2016-03-11,1000000.0,1000000.0
2016-03-14,1000000.0,1000000.0
2016-03-15,1000000.0,1000000.0
2016-03-16,1000000.0,1000000.0
2016-03-17,1000000.0,1000000.0
2016-03-18,1000000.0,1000000.0
2016-03-21,1000000.0,1000000.0
2016-03-22,1000000.0,1000000.0
2016-03-23,1000000.0,1000000.0
2016-03-28,1000000.0,1000000.0
2016-03-29,1000000.0,1000000.0
2016-03-30,1000000.0,1000000.0
2016-03-31,1000000.0,1000000.0
2016-04-01,1000000.0,1000000.0
2016-04-04,1000000.0,1000000.0
2016-04-05,1000000.0,1000000.0
2016-04-06,1000000.0,1000000.0
2016-04-07,1000000.0,1000000.0
2016-04-08,1000000.0,1000000.0
2016-04-11,1000000.0,1000000.0
2016-04-12,1000000.0,1000000.0
2016-04-13,1000000.0,1000000.0
2016-04-18,1000000.0,1000000.0
2016-04-20,1000000.0,1000000.0
2016-04-21,1000000.0,1000000.0
2016-04-22,1000000.0,1000000.0
2016-04-25,1000000.0,1000000.0
2016-04-26,1000000.0,1000000.0
2016-04-27,1000000.0,1000000.0
2016-04-28,1000000.0,1000000.0
2016-04-29,1000000.0,1000000.0
2016-05-02,1000000.0,1000000.0
2016-05-03,1000000.0,1000000.0
2016-05-04,1000000.0,1000000.0
2016-05-05,1000000.0,1000000.0
2016-05-06,1000000.0,1000000.0
2016-05-09,1000000.0,1000000.0
2016-05-10,1000000.0,1000000.0
2016-05-11,1000000.0,1000000.0
2016-05-12,1000000.0,1000000.0
2016-05-13,1000000.0,1000000.0
2016-05-16,1000000.0,1000000.0
2016-05-17,1000000.0,1000000.0
2016-05-18,1000000.0,1000000.0
2016-05-19,1000000.0,1000000.0
2016-05-20,1000000.0,1000000.0
2016-05-23,1000000.0,1000000.0
2016-05-24,1000000.0,1000000.0
2016-05-25,1000000.0,1000000.0
2016-05-26,1000000.0,1000000.0
2016-05-27,1000000.0,1000000.0
2016-05-30,1000000.0,1000000.0
2016-05-31,1000000.0,1000000.0
2016-06-01,1000000.0,1000000.0
2016-06-02,1000000.0,1000000.0
2016-06-03,1000000.0,1000000.0
2016-06-06,1000000.0,1000000.0
2016-06-07,1000000.0,1000000.0
2016-06-08,1000000.0,1000000.0
2016-06-09,1000000.0,1000000.0
2016-06-10,1000000.0,1000000.0
2016-06-13,1000000.0,1000000.0
2016-06-14,1000000.0,1000000.0
2016-06-15,1000000.0,1000000.0
2016-06-16,1000000.0,1000000.0
2016-06-17,1000000.0,1000000.0
2016-06-20,1000000.0,1000000.0
2016-06-21,1000000.0,1000000.0
2016-06-22,1000000.0,1000000.0
2016-06-23,1000000.0,1000000.0
2016-06-24,1000000.0,1000000.0
2016-06-27,1000000.0,1000000.0
2016-06-28,1000000.0,1000000.0
2016-06-29,1000000.0,1000000.0
2016-06-30,1000000.0,1000000.0
2016-07-01,1000000.0,1000000.0
2016-07-04,1000000.0,1000000.0
2016-07-05,1000000.0,1000000.0
2016-07-07,1000000.0,1000000.0
2016-07-08,1000000.0,1000000.0
2016-07-11,1000000.0,1000000.0
2016-07-12,1000000.0,1000000.0
2016-07-13,1000000.0,1000000.0
2016-07-14,1000000.0,1000000.0
2016-07-15,1000000.0,1000000.0
2016-07-18,1000000.0,1000000.0
2016-07-19,1000000.0,1000000.0
2016-07-20,1000000.0,1000000.0
2016-07-21,1000000.0,1000000.0
2016-07-22,1000000.0,1000000.0
2016-07-25,1000000.0,1000000.0
2016-07-26,1000000.0,1000000.0
2016-07-27,1000000.0,1000000.0
2016-07-28,1000000.0,1000000.0
2016-07-29,1000000.0,1000000.0
2016-08-01,1000000.0,1000000.0
2016-08-02,1000000.0,1000000.0
2016-08-03,1000000.0,1000000.0
2016-08-04,1000000.0,1000000.0
2016-08-05,1000000.0,1000000.0
2016-08-08,1000000.0,1000000.0
2016-08-09,1000000.0,1000000.0
2016-08-10,1000000.0,1000000.0
2016-08-11,1000000.0,1000000.0
2016-08-16,1000000.0,1000000.0
2016-08-17,1000000.0,1000000.0
2016-08-18,1000000.0,1000000.0
2016-08-19,1000000.0,1000000.0
2016-08-22,1000000.0,1000000.0
2016-08-23,1000000.0,1000000.0
2016-08-24,1000000.0,1000000.0
2016-08-25,1000000.0,1000000.0
2016-08-26,1000000.0,1000000.0
2016-08-29,1000000.0,1000000.0
2016-08-30,1000000.0,1000000.0
2016-08-31,1000000.0,1000000.0
2016-09-01,1000000.0,1000000.0
2016-09-02,1000000.0,1000000.0
2016-09-06,1000000.0,1000000.0
2016-09-07,1000000.0,1000000.0
2016-09-08,1000000.0,1000000.0
2016-09-09,1000000.0,1000000.0
2016-09-12,1000000.0,1000000.0
2016-09-14,1000000.0,1000000.0
2016-09-15,1000000.0,1000000.0
2016-09-16,1000000.0,1000000.0
2016-09-19,1000000.0,1000000.0
2016-09-20,1000000.0,1000000.0
2016-09-21,1000000.0,1000000.0
2016-09-22,1000000.0,1000000.0
2016-09-23,1000000.0,1000000.0
2016-09-26,1000000.0,1000000.0
2016-09-27,1000000.0,1000000.0
2016-09-28,1000000.0,1000000.0
2016-09-29,1000000.0,1000000.0
2016-09-30,1000000.0,1000000.0
2016-10-03,1000000.0,1000000.0
2016-10-04,1000000.0,1000000.0
2016-10-05,1000000.0,1000000.0
2016-10-06,1000000.0,1000000.0
2016-10-07,1000000.0,1000000.0
2016-10-10,1000000.0,1000000.0
2016-10-13,1000000.0,1000000.0
2016-10-14,1000000.0,1000000.0
2016-10-17,1000000.0,1000000.0
2016-10-18,1000000.0,1000000.0
2016-10-19,1000000.0,1000000.0
2016-10-20,1000000.0,1000000.0
2016-10-21,1000000.0,1000000.0
2016-10-24,1000000.0,1000000.0
2016-10-25,1000000.0,1000000.0
2016-10-26,1000000.0,1000000.0
2016-10-27,1000000.0,1000000.0
2016-10-28,1000000.0,1000000.0
2016-11-01,1000000.0,1000000.0
2016-11-02,1000000.0,1000000.0
2016-11-03,1000000.0,1000000.0
2016-11-04,1000000.0,1000000.0
2016-11-07,1000000.0,1000000.0
2016-11-08,1000000.0,1000000.0
2016-11-09,1000000.0,1000000.0
2016-11-10,1000000.0,1000000.0
2016-11-11,1000000.0,1000000.0
2016-11-15,1000000.0,1000000.0
2016-11-16,1000000.0,1000000.0
2016-11-17,1000000.0,1000000.0
2016-11-18,1000000.0,1000000.0
2016-11-21,1000000.0,1000000.0
2016-11-22,1000000.0,1000000.0
2016-11-23,1000000.0,1000000.0
2016-11-24,1000000.0,1000000.0
2016-11-25,1000000.0,1000000.0
2016-11-28,1000000.0,1000000.0
2016-11-29,1000000.0,1000000.0
2016-11-30,1000000.0,1000000.0
2016-12-01,1000000.0,1000000.0
2016-12-02,1000000.0,1000000.0
2016-12-05,1000000.0,1000000.0
2016-12-06,1000000.0,1000000.0
2016-12-07,1000000.0,1000000.0
2016-12-08,1000000.0,1000000.0
2016-12-09,1000000.0,1000000.0
2016-12-12,1000000.0,1000000.0
2016-12-13,1000000.0,1000000.0
2016-12-14,1000000.0,1000000.0
2016-12-15,1000000.0,1000000.0
2016-12-16,1000000.0,1000000.0
2016-12-19,1000000.0,1000000.0
2016-12-20,1000000.0,1000000.0
2016-12-21,1000000.0,1000000.0
2016-12-22,1000000.0,1000000.0
2016-12-23,1000000.0,1000000.0
2016-12-26,1000000.0,1000000.0
2016-12-27,1000000.0,1000000.0
2016-12-28,1000000.0,1000000.0
2016-12-29,1000000.0,1000000.0
2016-12-30,1000000.0,1000000.0
2017-01-02,1000000.0,1000000.0
2017-01-03,1000000.0,1000000.0
2017-01-04,1000000.0,1000000.0
2017-01-05,1000000.0,1000000.0
2017-01-06,1000000.0,1000000.0
2017-01-09,1000000.0,1000000.0
2017-01-10,1000000.0,1000000.0
2017-01-11,1000000.0,1000000.0
2017-01-12,1000000.0,1000000.0
2017-01-13,1000000.0,1000000.0
2017-01-16,1000000.0,1000000.0
2017-01-17,1000000.0,1000000.0
2017-01-18,1000000.0,1000000.0
2017-01-19,1000000.0,1000000.0
2017-01-20,1000000.0,1000000.0
2017-01-23,1000000.0,1000000.0
2017-01-24,1000000.0,1000000.0
2017-01-25,1000000.0,1000000.0
2017-01-27,1000000.0,1000000.0
2017-01-30,1000000.0,1000000.0
2017-01-31,1000000.0,1000000.0
2017-02-01,1000000.0,1000000.0
2017-02-02,1000000.0,1000000.0
2017-02-03,1000000.0,1000000.0
2017-02-06,1000000.0,1000000.0
2017-02-07,1000000.0,1000000.0
2017-02-08,1000000.0,1000000.0
2017-02-09,1000000.0,1000000.0
2017-02-10,1000000.0,1000000.0
2017-02-13,1000000.0,1000000.0
2017-02-14,1000000.0,1000000.0
2017-02-15,1000000.0,1000000.0
2017-02-16,1000000.0,1000000.0
2017-02-17,1000000.0,1000000.0
2017-02-20,1000000.0,1000000.0
2017-02-21,1000000.0,1000000.0
2017-02-22,1000000.0,1000000.0
2017-02-23,1000000.0,1000000.0
2017-02-27,1000000.0,1000000.0
2017-02-28,1000000.0,1000000.0
2017-03-01,1000000.0,1000000.0
2017-03-02,1000000.0,1000000.0
2017-03-03,1000000.0,1000000.0
2017-03-06,1000000.0,1000000.0
2017-03-07,1000000.0,1000000.0
2017-03-08,1000000.0,1000000.0
2017-03-09,1000000.0,1000000.0
2017-03-10,1000000.0,1000000.0
2017-03-14,1000000.0,1000000.0
2017-03-15,1000000.0,1000000.0
2017-03-16,1000000.0,1000000.0
2017-03-17,1000000.0,1000000.0
2017-03-20,1000000.0,1000000.0
2017-03-21,1000000.0,1000000.0
2017-03-22,1000000.0,1000000.0
2017-03-23,1000000.0,1000000.0
2017-03-24,1000000.0,1000000.0
2017-03-27,1000000.0,1000000.0
2017-03-28,1000000.0,1000000.0
2017-03-29,1000000.0,1000000.0
2017-03-30,1000000.0,1000000.0
2017-03-31,1000000.0,1000000.0
2017-04-03,1000000.0,1000000.0
2017-04-05,1000000.0,1000000.0
2017-04-06,1000000.0,1000000.0
2017-04-07,1000000.0,1000000.0
2017-04-10,1000000.0,1000000.0
2017-04-11,1000000.0,1000000.0
2017-04-12,1000000.0,1000000.0
2017-04-13,1000000.0,1000000.0
2017-04-17,1000000.0,1000000.0
2017-04-18,1000000.0,1000000.0
2017-04-19,1000000.0,1000000.0
2017-04-20,1000000.0,1000000.0
2017-04-21,1000000.0,1000000.0
2017-04-24,1000000.0,1000000.0
2017-04-25,1000000.0,1000000.0
2017-04-26,1000000.0,1000000.0
2017-04-27,1000000.0,1000000.0
2017-04-28,1000000.0,1000000.0
2017-05-02,1000000.0,1000000.0
2017-05-03,1000000.0,1000000.0
2017-05-04,1000000.0,1000000.0
2017-05-05,1000000.0,1000000.0
2017-05-08,1000000.0,1000000.0
2017-05-09,1000000.0,1000000.0
2017-05-10,1000000.0,1000000.0
2017-05-11,1000000.0,1000000.0
2017-05-12,1000000.0,1000000.0
2017-05-15,1000000.0,1000000.0
2017-05-16,1000000.0,1000000.0
2017-05-17,1000000.0,1000000.0
2017-05-18,1000000.0,1000000.0
2017-05-19,1000000.0,1000000.0
2017-05-22,1000000.0,1000000.0
2017-05-23,1000000.0,1000000.0
2017-05-24,1000000.0,1000000.0
2017-05-25,1000000.0,1000000.0
2017-05-26,1000000.0,1000000.0
2017-05-29,1000000.0,1000000.0
2017-05-30,1000000.0,1000000.0
2017-05-31,1000000.0,1000000.0
2017-06-01,1000000.0,1000000.0
2017-06-02,1000000.0,1000000.0
2017-06-05,1000000.0,1000000.0
2017-06-06,1000000.0,1000000.0
2017-06-07,1000000.0,1000000.0
2017-06-08,1000000.0,1000000.0
2017-06-09,1000000.0,1000000.0
2017-06-12,1000000.0,1000000.0
2017-06-13,1000000.0,1000000.0
2017-06-14,1000000.0,1000000.0
2017-06-15,1000000.0,1000000.0
2017-06-16,1000000.0,1000000.0
2017-06-19,1000000.0,1000000.0
2017-06-20,1000000.0,1000000.0
2017-06-21,1000000.0,1000000.0
2017-06-22,1000000.0,1000000.0
2017-06-23,1000000.0,1000000.0
2017-06-27,1000000.0,1000000.0
2017-06-28,1000000.0,1000000.0
2017-06-29,1000000.0,1000000.0
2017-06-30,1000000.0,1000000.0
2017-07-03,1000000.0,1000000.0
2017-07-04,1000000.0,1000000.0
2017-07-05,1000000.0,1000000.0
2017-07-06,1000000.0,1000000.0
2017-07-07,1000000.0,1000000.0
2017-07-10,1000000.0,1000000.0
2017-07-11,1000000.0,1000000.0
2017-07-12,1000000.0,1000000.0
2017-07-13,1000000.0,1000000.0
2017-07-14,1000000.0,1000000.0
2017-07-17,1000000.0,1000000.0
2017-07-18,1000000.0,1000000.0
2017-07-19,1000000.0,1000000.0
2017-07-20,1000000.0,1000000.0
2017-07-21,1000000.0,1000000.0
2017-07-24,1000000.0,1000000.0
2017-07-25,1000000.0,1000000.0
2017-07-26,1000000.0,1000000.0
2017-07-27,1000000.0,1000000.0
2017-07-28,1000000.0,1000000.0
2017-07-31,1000000.0,1000000.0
2017-08-01,1000000.0,1000000.0
2017-08-02,1000000.0,1000000.0
2017-08-03,1000000.0,1000000.0
2017-08-04,1000000.0,1000000.0
2017-08-07,1000000.0,1000000.0
2017-08-08,1000000.0,1000000.0
2017-08-09,1000000.0,1000000.0
2017-08-10,1000000.0,1000000.0
2017-08-11,1000000.0,1000000.0
2017-08-14,1000000.0,1000000.0
2017-08-16,1000000.0,1000000.0
2017-08-17,1000000.0,1000000.0
2017-08-18,1000000.0,1000000.0
2017-08-21,1000000.0,1000000.0
2017-08-22,1000000.0,1000000.0
2017-08-23,1000000.0,1000000.0
2017-08-24,1000000.0,1000000.0
2017-08-28,1000000.0,1000000.0
2017-08-29,1000000.0,1000000.0
2017-08-30,1000000.0,1000000.0
2017-08-31,1000000.0,1000000.0
2017-09-01,1000000.0,1000000.0
2017-09-04,1000000.0,1000000.0
2017-09-05,1000000.0,1000000.0
2017-09-06,1000000.0,1000000.0
2017-09-07,1000000.0,1000000.0
2017-09-08,1000000.0,1000000.0
2017-09-11,1000000.0,1000000.0
2017-09-12,1000000.0,1000000.0
2017-09-13,1000000.0,1000000.0
2017-09-14,1000000.0,1000000.0
2017-09-15,1000000.0,1000000.0
2017-09-18,1000000.0,1000000.0
2017-09-19,1000000.0,1000000.0
2017-09-20,1000000.0,1000000.0
2017-09-21,1000000.0,1000000.0
2017-09-22,1000000.0,1000000.0
2017-09-25,1000000.0,1000000.0
2017-09-26,1000000.0,1000000.0
2017-09-27,1000000.0,1000000.0
2017-09-28,1000000.0,1000000.0
2017-09-29,1000000.0,1000000.0
2017-10-03,1000000.0,1000000.0
2017-10-04,1000000.0,1000000.0
2017-10-05,1000000.0,1000000.0
2017-10-06,1000000.0,1000000.0
2017-10-09,1000000.0,1000000.0
2017-10-10,1000000.0,1000000.0
2017-10-11,1000000.0,1000000.0
2017-10-12,1000000.0,1000000.0
2017-10-13,1000000.0,1000000.0
2017-10-16,1000000.0,1000000.0
2017-10-17,1000000.0,1000000.0
2017-10-18,1000000.0,1000000.0
2017-10-19,1000000.0,1000000.0
2017-10-23,1000000.0,1000000.0
2017-10-24,1000000.0,1000000.0
2017-10-25,1000000.0,1000000.0
2017-10-26,1000000.0,1000000.0
2017-10-27,1000000.0,1000000.0
2017-10-30,1000000.0,1000000.0
2017-10-31,1000000.0,1000000.0
2017-11-01,1000000.0,1000000.0
2017-11-02,1000000.0,1000000.0
2017-11-03,1000000.0,1000000.0
2017-11-06,1000000.0,1000000.0
2017-11-07,1000000.0,1000000.0
2017-11-08,1000000.0,1000000.0
2017-11-09,1000000.0,1000000.0
2017-11-10,1000000.0,1000000.0
2017-11-13,1000000.0,1000000.0
2017-11-14,1000000.0,1000000.0
2017-11-15,1000000.0,1000000.0
2017-11-16,1000000.0,1000000.0
2017-11-17,1000000.0,1000000.0
2017-11-20,1000000.0,1000000.0
2017-11-21,1000000.0,1000000.0
2017-11-22,1000000.0,1000000.0
2017-11-23,1000000.0,1000000.0
2017-11-24,1000000.0,1000000.0
2017-11-27,1000000.0,1000000.0
2017-11-28,1000000.0,1000000.0
2017-11-29,1000000.0,1000000.0
2017-11-30,1000000.0,1000000.0
2017-12-01,1000000.0,1000000.0
2017-12-04,1000000.0,1000000.0
2017-12-05,1000000.0,1000000.0
2017-12-06,1000000.0,1000000.0
2017-12-07,1000000.0,1000000.0
2017-12-08,1000000.0,1000000.0
2017-12-11,1000000.0,1000000.0
2017-12-12,1000000.0,1000000.0
2017-12-13,1000000.0,1000000.0
2017-12-14,1000000.0,1000000.0
2017-12-15,1000000.0,1000000.0
2017-12-18,1000000.0,1000000.0
2017-12-19,1000000.0,1000000.0
2017-12-20,1000000.0,1000000.0
2017-12-21,1000000.0,1000000.0
2017-12-22,1000000.0,1000000.0
2017-12-26,1000000.0,1000000.0
2017-12-27,1000000.0,1000000.0
2017-12-28,1000000.0,1000000.0
2017-12-29,1000000.0,1000000.0
2018-01-02,1000000.0,1000000.0
2018-01-03,1000000.0,1000000.0
2018-01-04,1000000.0,1000000.0
2018-01-05,1000000.0,1000000.0
2018-01-08,1000000.0,1000000.0
2018-01-09,1000000.0,1000000.0
2018-01-10,1000000.0,1000000.0
2018-01-11,1000000.0,1000000.0
2018-01-12,1000000.0,1000000.0
2018-01-15,1000000.0,1000000.0
2018-01-16,1000000.0,1000000.0
2018-01-17,1000000.0,1000000.0
2018-01-18,1000000.0,1000000.0
2018-01-19,1000000.0,1000000.0
2018-01-22,1000000.0,1000000.0
2018-01-23,1000000.0,1000000.0
2018-01-24,1000000.0,1000000.0
2018-01-25,1000000.0,1000000.0
2018-01-29,1000000.0,1000000.0
2018-01-30,1000000.0,1000000.0
2018-01-31,1000000.0,1000000.0
2018-02-01,1000000.0,1000000.0
2018-02-02,1000000.0,1000000.0
2018-02-05,1000000.0,1000000.0
2018-02-06,1000000.0,1000000.0
2018-02-07,1000000.0,1000000.0
2018-02-08,1000000.0,1000000.0
2018-02-09,1000000.0,1000000.0
2018-02-12,1000000.0,1000000.0
2018-02-14,1000000.0,1000000.0
2018-02-15,1000000.0,1000000.0
2018-02-16,1000000.0,1000000.0
2018-02-19,1000000.0,1000000.0
2018-02-20,1000000.0,1000000.0
2018-02-21,1000000.0,1000000.0
2018-02-22,1000000.0,1000000.0
2018-02-23,1000000.0,1000000.0
2018-02-26,1000000.0,1000000.0
2018-02-27,1000000.0,1000000.0
2018-02-28,1000000.0,1000000.0
2018-03-01,1000000.0,1000000.0
2018-03-05,1000000.0,1000000.0
2018-03-06,1000000.0,1000000.0
2018-03-07,1000000.0,1000000.0
2018-03-08,1000000.0,1000000.0
2018-03-09,1000000.0,1000000.0
2018-03-12,1000000.0,1000000.0
2018-03-13,1000000.0,1000000.0
2018-03-14,1000000.0,1000000.0
2018-03-15,1000000.0,1000000.0
2018-03-16,1000000.0,1000000.0
2018-03-19,1000000.0,1000000.0
2018-03-20,1000000.0,1000000.0
2018-03-21,1000000.0,1000000.0
2018-03-22,1000000.0,1000000.0
2018-03-23,1000000.0,1000000.0
2018-03-26,1000000.0,1000000.0
2018-03-27,1000000.0,1000000.0
2018-03-28,1000000.0,1000000.0
2018-04-02,1000000.0,1000000.0
2018-04-03,1000000.0,1000000.0
2018-04-04,1000000.0,1000000.0
2018-04-05,1000000.0,1000000.0
2018-04-06,1000000.0,1000000.0
2018-04-09,1000000.0,1000000.0
2018-04-10,1000000.0,1000000.0
2018-04-11,1000000.0,1000000.0
2018-04-12,1000000.0,1000000.0
2018-04-13,1000000.0,1000000.0
2018-04-16,1000000.0,1000000.0
2018-04-17,1000000.0,1000000.0
2018-04-18,1000000.0,1000000.0
2018-04-19,1000000.0,1000000.0
2018-04-20,1000000.0,1000000.0
2018-04-23,1000000.0,1000000.0
2018-04-24,1000000.0,1000000.0
2018-04-25,1000000.0,1000000.0
2018-04-26,1000000.0,1000000.0
2018-04-27,1000000.0,1000000.0
2018-04-30,1000000.0,1000000.0
2018-05-02,1000000.0,1000000.0
2018-05-03,1000000.0,1000000.0
2018-05-04,1000000.0,1000000.0
2018-05-07,1000000.0,1000000.0
2018-05-08,1000000.0,1000000.0
2018-05-09,1000000.0,1000000.0
2018-05-10,1000000.0,1000000.0
2018-05-11,1000000.0,1000000.0
2018-05-14,1000000.0,1000000.0
2018-05-15,1000000.0,1000000.0
2018-05-16,1000000.0,1000000.0
2018-05-17,1000000.0,1000000.0
2018-05-18,1000000.0,1000000.0
2018-05-21,1000000.0,1000000.0
2018-05-22,1000000.0,1000000.0
2018-05-23,1000000.0,1000000.0
2018-05-24,1000000.0,1000000.0
2018-05-25,1000000.0,1000000.0
2018-05-28,1000000.0,1000000.0
2018-05-29,1000000.0,1000000.0
2018-05-30,1000000.0,1000000.0
2018-05-31,1000000.0,1000000.0
2018-06-01,1000000.0,1000000.0
2018-06-04,1000000.0,1000000.0
2018-06-05,1000000.0,1000000.0
2018-06-06,1000000.0,1000000.0
2018-06-07,1000000.0,1000000.0
2018-06-08,1000000.0,1000000.0
2018-06-11,1000000.0,1000000.0
2018-06-12,1000000.0,1000000.0
2018-06-13,1000000.0,1000000.0
2018-06-14,1000000.0,1000000.0
2018-06-15,1000000.0,1000000.0
2018-06-18,1000000.0,1000000.0
2018-06-19,1000000.0,1000000.0
2018-06-20,1000000.0,1000000.0
2018-06-21,1000000.0,1000000.0
2018-06-22,1000000.0,1000000.0
2018-06-25,1000000.0,1000000.0
2018-06-26,1000000.0,1000000.0
2018-06-27,1000000.0,1000000.0
2018-06-28,1000000.0,1000000.0
2018-06-29,1000000.0,1000000.0
2018-07-02,1000000.0,1000000.0
2018-07-03,1000000.0,1000000.0
2018-07-04,1000000.0,1000000.0
2018-07-05,1000000.0,1000000.0
2018-07-06,1000000.0,1000000.0
2018-07-09,1000000.0,1000000.0
2018-07-10,1000000.0,1000000.0
2018-07-11,1000000.0,1000000.0
2018-07-12,1000000.0,1000000.0
2018-07-13,1000000.0,1000000.0
2018-07-16,1000000.0,1000000.0
2018-07-17,1000000.0,1000000.0
2018-07-18,1000000.0,1000000.0
2018-07-19,1000000.0,1000000.0
2018-07-20,1000000.0,1000000.0
2018-07-23,1000000.0,1000000.0
2018-07-24,1000000.0,1000000.0
2018-07-25,1000000.0,1000000.0
2018-07-26,1000000.0,1000000.0
2018-07-27,1000000.0,1000000.0
2018-07-30,1000000.0,1000000.0
2018-07-31,1000000.0,1000000.0
2018-08-01,1000000.0,1000000.0
2018-08-02,1000000.0,1000000.0
2018-08-03,1000000.0,1000000.0
2018-08-06,1000000.0,1000000.0
2018-08-07,1000000.0,1000000.0
2018-08-08,1000000.0,1000000.0
2018-08-09,1000000.0,1000000.0
2018-08-10,1000000.0,1000000.0
2018-08-13,1000000.0,1000000.0
2018-08-14,1000000.0,1000000.0
2018-08-16,1000000.0,1000000.0
2018-08-17,1000000.0,1000000.0
2018-08-20,1000000.0,1000000.0
2018-08-21,1000000.0,1000000.0
2018-08-23,1000000.0,1000000.0
2018-08-24,1000000.0,1000000.0
2018-08-27,1000000.0,1000000.0
2018-08-28,1000000.0,1000000.0
2018-08-29,1000000.0,1000000.0
2018-08-30,1000000.0,1000000.0
2018-08-31,1000000.0,1000000.0
2018-09-03,1000000.0,1000000.0
2018-09-04,1000000.0,1000000.0
2018-09-05,1000000.0,1000000.0
2018-09-06,1000000.0,1000000.0
2018-09-07,1000000.0,1000000.0
2018-09-10,1000000.0,1000000.0
2018-09-11,1000000.0,1000000.0
2018-09-12,1000000.0,1000000.0
2018-09-14,1000000.0,1000000.0
2018-09-17,1000000.0,1000000.0
2018-09-18,1000000.0,1000000.0
2018-09-19,1000000.0,1000000.0
2018-09-21,1000000.0,1000000.0
2018-09-24,1000000.0,1000000.0
2018-09-25,1000000.0,1000000.0
2018-09-26,1000000.0,1000000.0
2018-09-27,1000000.0,1000000.0
2018-09-28,1000000.0,1000000.0
2018-10-01,1000000.0,1000000.0
2018-10-03,1000000.0,1000000.0
2018-10-04,1000000.0,1000000.0
2018-10-05,1000000.0,1000000.0
2018-10-08,1000000.0,1000000.0
2018-10-09,1000000.0,1000000.0
2018-10-10,1000000.0,1000000.0
2018-10-11,1000000.0,1000000.0
2018-10-12,1000000.0,1000000.0
2018-10-15,1000000.0,1000000.0
2018-10-16,1000000.0,1000000.0
2018-10-17,1000000.0,1000000.0
2018-10-19,1000000.0,1000000.0
2018-10-22,1000000.0,1000000.0
2018-10-23,1000000.0,1000000.0
2018-10-24,1000000.0,1000000.0
2018-10-25,1000000.0,1000000.0
2018-10-26,1000000.0,1000000.0
2018-10-29,1000000.0,1000000.0
2018-10-30,1000000.0,1000000.0
2018-10-31,1000000.0,1000000.0
2018-11-01,1000000.0,1000000.0
2018-11-02,1000000.0,1000000.0
2018-11-05,1000000.0,1000000.0
2018-11-06,1000000.0,1000000.0
2018-11-07,1000000.0,1000000.0
2018-11-09,1000000.0,1000000.0
2018-11-12,1000000.0,1000000.0
2018-11-13,1000000.0,1000000.0
2018-11-14,1000000.0,1000000.0
2018-11-15,1000000.0,1000000.0
2018-11-16,1000000.0,1000000.0
2018-11-19,1000000.0,1000000.0
2018-11-20,1000000.0,1000000.0
2018-11-21,1000000.0,1000000.0
2018-11-22,1000000.0,1000000.0
2018-11-26,1000000.0,1000000.0
2018-11-27,1000000.0,1000000.0
2018-11-28,1000000.0,1000000.0
2018-11-29,1000000.0,1000000.0
2018-11-30,1000000.0,1000000.0
2018-12-03,1000000.0,1000000.0
2018-12-04,1000000.0,1000000.0
2018-12-05,1000000.0,1000000.0
2018-12-06,1000000.0,1000000.0
2018-12-07,1000000.0,1000000.0
2018-12-10,1000000.0,1000000.0
2018-12-11,1000000.0,1000000.0
2018-12-12,1000000.0,1000000.0
2018-12-13,1000000.0,1000000.0
2018-12-14,1000000.0,1000000.0
2018-12-17,1000000.0,1000000.0
2018-12-18,1000000.0,1000000.0
2018-12-19,1000000.0,1000000.0
2018-12-20,1000000.0,1000000.0
2018-12-21,1000000.0,1000000.0
2018-12-24,1000000.0,1000000.0
2018-12-26,1000000.0,1000000.0
2018-12-27,1000000.0,1000000.0
2018-12-28,1000000.0,1000000.0
2018-12-31,1000000.0,1000000.0
2019-01-02,1000000.0,1000000.0
2019-01-03,1000000.0,1000000.0
2019-01-04,1000000.0,1000000.0
2019-01-07,1000000.0,1000000.0
2019-01-08,1000000.0,1000000.0
2019-01-09,1000000.0,1000000.0
2019-01-10,1000000.0,1000000.0
2019-01-11,1000000.0,1000000.0
2019-01-14,1000000.0,1000000.0
2019-01-15,1000000.0,1000000.0
2019-01-16,1000000.0,1000000.0
2019-01-17,1000000.0,1000000.0
2019-01-18,1000000.0,1000000.0
2019-01-21,1000000.0,1000000.0
2019-01-22,1000000.0,1000000.0
2019-01-23,1000000.0,1000000.0
2019-01-24,1000000.0,1000000.0
2019-01-25,1000000.0,1000000.0
2019-01-28,1000000.0,1000000.0
2019-01-29,1000000.0,1000000.0
2019-01-30,1000000.0,1000000.0
2019-01-31,1000000.0,1000000.0
2019-02-01,1000000.0,1000000.0
2019-02-04,1000000.0,1000000.0
2019-02-05,1000000.0,1000000.0
2019-02-06,1000000.0,1000000.0
2019-02-07,1000000.0,1000000.0
2019-02-08,1000000.0,1000000.0
2019-02-11,1000000.0,1000000.0
2019-02-12,1000000.0,1000000.0
2019-02-14,1000000.0,1000000.0
2019-02-15,1000000.0,1000000.0
2019-02-18,1000000.0,1000000.0
2019-02-19,1000000.0,1000000.0
2019-02-20,1000000.0,1000000.0
2019-02-21,1000000.0,1000000.0
2019-02-22,1000000.0,1000000.0
2019-02-25,1000000.0,1000000.0
2019-02-26,1000000.0,1000000.0
2019-02-27,1000000.0,1000000.0
2019-02-28,1000000.0,1000000.0
2019-03-01,1000000.0,1000000.0
2019-03-05,1000000.0,1000000.0
2019-03-06,1000000.0,1000000.0
2019-03-07,1000000.0,1000000.0
2019-03-08,1000000.0,1000000.0
2019-03-11,1000000.0,1000000.0
2019-03-12,1000000.0,1000000.0
2019-03-13,1000000.0,1000000.0
2019-03-14,1000000.0,1000000.0
2019-03-15,1000000.0,1000000.0
2019-03-18,1000000.0,1000000.0
2019-03-19,1000000.0,1000000.0
2019-03-20,1000000.0,1000000.0
2019-03-22,1000000.0,1000000.0
2019-03-25,1000000.0,1000000.0
2019-03-26,1000000.0,1000000.0
2019-03-27,1000000.0,1000000.0
2019-03-28,1000000.0,1000000.0
2019-04-01,1000000.0,1000000.0
2019-04-02,1000000.0,1000000.0
2019-04-03,1000000.0,1000000.0
2019-04-04,1000000.0,1000000.0
2019-04-05,1000000.0,1000000.0
2019-04-08,1000000.0,1000000.0
2019-04-09,1000000.0,1000000.0
2019-04-10,1000000.0,1000000.0
2019-04-11,1000000.0,1000000.0
2019-04-12,1000000.0,1000000.0
2019-04-15,1000000.0,1000000.0
2019-04-16,1000000.0,1000000.0
2019-04-18,1000000.0,1000000.0
2019-04-22,1000000.0,1000000.0
2019-04-23,1000000.0,1000000.0
2019-04-24,1000000.0,1000000.0
2019-04-25,1000000.0,1000000.0
2019-04-26,1000000.0,1000000.0
2019-04-30,1000000.0,1000000.0
2019-05-02,1000000.0,1000000.0
2019-05-03,1000000.0,1000000.0
2019-05-06,1000000.0,1000000.0
2019-05-07,1000000.0,1000000.0
2019-05-08,1000000.0,1000000.0
2019-05-09,1000000.0,1000000.0
2019-05-10,1000000.0,1000000.0
2019-05-13,1000000.0,1000000.0
2019-05-14,1000000.0,1000000.0
2019-05-15,1000000.0,1000000.0
2019-05-16,1000000.0,1000000.0
2019-05-17,1000000.0,1000000.0
2019-05-20,1000000.0,1000000.0
2019-05-21,1000000.0,1000000.0
2019-05-22,1000000.0,1000000.0
2019-05-23,1000000.0,1000000.0
2019-05-24,1000000.0,1000000.0
2019-05-27,1015539.5554351807,1018726.1155090332
2019-05-28,1012935.6319503784,1018847.6445159912
2019-05-29,1002000.8349952698,1013533.999912262
2019-05-30,1008105.2193107605,1025138.3328742981
2019-05-31,1010494.160572052,1027331.6134910583
2019-06-03,1006067.3987197876,1028131.2699203491
2019-06-04,1013282.2542915344,1027737.269908905
2019-06-06,993816.3414745331,1001386.5503139496
2019-06-07,991787.9773254395,1006005.7367706299
2019-06-10,985767.6034755707,1001425.6539039612
2019-06-11,988821.368771553,1008858.7886505127
2019-06-12,979540.0640058517,1006353.2458457947
2019-06-13,979671.9024584293,1009511.9521446228
2019-06-14,978802.9084017277,1006617.1705970764
2019-06-17,963220.5332434177,991529.7813129425
2019-06-18,956440.4140474796,991788.1375007629
2019-06-19,941770.7875807285,975052.8371105194
2019-06-20,950092.594363451,988514.7524757385
2019-06-21,943799.517772913,988613.4559288025
2019-06-24,948713.1845972538,989057.7507324219
2019-06-25,952817.058788538,989722.6614570618
2019-06-26,950798.2259438038,986640.1194763184
2019-06-27,954621.520472765,991370.3593444824
2019-06-28,955449.5995132923,993083.8990936279
2019-07-01,963822.0960361958,998289.2601165771
2019-07-02,955417.4789335728,998811.1744384766
2019-07-03,958489.4078276157,1003514.5066642761
2019-07-04,958570.7127211094,1001505.0914421082
2019-07-05,939887.0409834385,982848.0889530182
2019-07-08,920874.6910746098,959390.7748813629
2019-07-09,927697.6133444309,965303.800409317
2019-07-10,911450.4716818333,959536.0967121124
2019-07-11,917278.1884932518,964195.0735721588
2019-07-12,921625.6204001904,964971.3468494415
2019-07-15,923557.0274105072,965259.5612812042
2019-07-16,924970.6806910038,973374.3471698761
2019-07-17,917798.1019332409,976666.3336353302
2019-07-18,909087.5461404324,967868.4355869293
2019-07-19,901423.81031394,959247.3536548615
2019-07-22,898768.3512122631,943340.5261325836
2019-07-23,912374.9766881466,950773.8124713898
2019-07-24,898311.5222766399,938821.6401691437
2019-07-25,900399.6235454082,940133.3693256378
2019-07-26,902717.5024363995,939838.1367053986
2019-07-29,899781.9682738781,936435.643404007
2019-07-30,881042.2864396572,913683.654756546
2019-07-31,889541.1221749783,925878.0345020294
2019-08-01,878754.8894212246,918851.2406482697
2019-08-02,873881.8672654629,913142.3330097198
2019-08-05,865138.9090631008,902123.8024768829
2019-08-06,868924.7799470425,912796.1368579865
2019-08-07,872211.2536981106,914443.1884937286
2019-08-08,878703.2172868252,918920.9071369171
2019-08-09,878144.8408677578,924452.6042194366
2019-08-13,875860.2204988003,917182.5586872101
2019-08-14,878350.2132890224,915890.2175159454
2019-08-16,885480.719178915,922723.0394306183
2019-08-19,892010.2614457607,926363.3027820587
2019-08-20,885061.7400872707,915993.0508747101
2019-08-21,873569.5321977139,906092.7435016632
2019-08-22,867854.948487997,898370.7426776886
2019-08-23,872654.6062943935,899192.1370868683
2019-08-26,874799.9632279873,905065.6421222687
2019-08-27,882019.4726274014,920036.6407184601
2019-08-28,885821.4254472256,925017.3748493195
2019-08-29,891566.6425492764,923973.4341144562
2019-08-30,898984.381654501,933570.9796466827
2019-09-03,895784.4345414639,930797.2392292023
2019-09-04,892349.841066122,927239.4565143585
2019-09-05,895311.9064042568,925789.4536457062
2019-09-06,894774.1035172939,925854.730134964
2019-09-09,892699.2491776943,928637.7833576202
2019-09-11,890508.5915238857,928222.3806476593
2019-09-12,891149.3531205654,928404.4346027374
2019-09-13,891367.2637040615,929308.5743732452
2019-09-16,890474.6076066494,929434.1680622101
2019-09-17,886078.0958878994,923479.8576374054
2019-09-18,887466.0915849209,923458.9883136749
2019-09-19,885227.3006913662,920122.4815998077
2019-09-20,894262.9633805752,934482.4696979523
2019-09-23,905137.0848631859,956002.7895412445
2019-09-24,903969.3854808807,961609.9245052338
2019-09-25,895714.3462893963,953645.5213451385
2019-09-26,903412.1467063427,966315.5774097443
2019-09-27,897260.2487056255,961999.7566623688
2019-09-30,886862.831953764,951464.6681957245
2019-10-01,867000.5799195766,935996.0124263763
2019-10-03,860257.4283788204,931944.8209819794
2019-10-04,848930.206081152,920381.867193222
2019-10-07,839159.072448492,905072.7712955475
2019-10-09,843053.4809186459,910262.3718891144
2019-10-10,837852.1665570736,905106.174943924
2019-10-11,831494.9123456478,906133.9169940948
2019-10-14,834803.6594388485,914315.1150722504
2019-10-15,839988.4770505428,925468.1197071075
2019-10-16,836821.9339482784,947131.5683689117
2019-10-17,852084.4473683834,964335.6508159637
2019-10-18,864295.9812848568,978705.9438610077
2019-10-22,871190.7820088863,979477.6838092804
2019-10-23,862488.692157507,969821.8675518036
2019-10-24,857492.0385816097,962051.2367534637
2019-10-25,870260.4758946896,963488.5672016144
2019-10-29,894343.7646100521,975090.6092567444
2019-10-30,902758.9069364071,982888.3977451324
2019-10-31,909778.6562459469,993463.6919593811
2019-11-01,913100.3538281918,988448.1971626282
2019-11-04,916528.985049963,991113.865114212
2019-11-05,904079.4264104366,984226.2483215332
2019-11-06,900169.3845288754,984601.9499835968
2019-11-07,902690.2806851864,987848.383764267
2019-11-08,892105.6467969418,981419.937292099
2019-11-11,899303.127022028,976515.9880547523
2019-11-13,880541.9700787067,956258.2899279594
2019-11-14,877056.3305871487,962467.8488311768
2019-11-15,868155.8094470501,958731.6389284134
2019-11-18,865750.8551800251,948252.3367688656
2019-11-19,861563.2501275539,948110.3339028358
2019-11-20,868969.1875617504,958616.3220386505
2019-11-21,848656.9937837124,939450.6942791939
2019-11-22,856506.6958091259,946078.3200454712
2019-11-25,867293.9446065426,959842.9535775185
2019-11-26,851991.6478116512,941317.6766200066
2019-11-27,867674.1699254513,946168.3590407372
2019-11-28,882874.9785282612,956755.3225486279
2019-11-29,883314.8061521053,962021.7507796288
2019-12-02,875623.549385786,954106.0674567223
2019-12-03,853065.3788201809,935394.6517515182
2019-12-04,866309.5944502354,944657.9849383831
2019-12-05,854496.6001255512,937462.0301353931
2019-12-06,841448.2674958706,925995.005259037
2019-12-09,832425.5292599201,922500.1025414467
2019-12-10,822887.9652085304,915550.7631983757
2019-12-11,825141.2576665878,914176.2977633476
2019-12-12,830377.1132416725,911404.1497101784
2019-12-13,839780.4804177284,928609.5183639526
2019-12-16,833879.9959554672,925666.6310281754
2019-12-17,849096.219725132,932617.1635837555
2019-12-18,844811.8699631691,930233.8865785599
2019-12-19,852152.8881864548,941355.2848215103
2019-12-20,854924.3927373886,942074.3647751808
2019-12-23,870815.6223242283,954985.9919967651
2019-12-24,865392.2603788376,950732.5240831375
2019-12-26,869713.2637658119,952006.0057582855
2019-12-27,876272.6088821888,961193.2492256165
2019-12-30,891367.7845122814,973255.8622512817
2019-12-31,892299.9667189121,980070.8868045807
2020-01-01,901223.0917687416,988942.5304279327
2020-01-02,924891.2704906464,1010307.3144111633
2020-01-03,924783.0572302341,1011712.1513004303
2020-01-06,899095.1554310322,979792.1144180298
2020-01-07,915716.584583044,994817.1647109985
2020-01-08,915384.0937626362,993259.1304826736
2020-01-09,935726.641715765,1008344.4462738037
2020-01-10,932938.3288776875,1000755.165066719
2020-01-13,938533.5098407269,997192.5265312195
2020-01-14,941735.9251484871,997819.8252305984
2020-01-15,955533.4662208557,1008832.2010011673
2020-01-16,964700.6910383701,1022620.6361207962
2020-01-17,962182.299892664,1017554.2168550491
2020-01-20,963443.9110491276,1014293.6467523575
2020-01-21,964296.5858104229,1018816.1944665909
2020-01-22,951519.9175307751,1012618.5909051895
2020-01-23,953572.2807533741,1017340.9593515396
2020-01-24,951024.5190269947,1021855.4498567581
2020-01-27,939356.2310593128,1014470.6894540787
2020-01-28,924621.6733529568,998535.0408678055
2020-01-29,925124.8884198666,996652.6833047867
2020-01-30,908188.4338920116,980296.4680490494
2020-01-31,909160.0014345646,976828.8557519913
2020-02-03,880611.5362722874,958923.0240411758
2020-02-04,892440.981269598,971490.8495874405
2020-02-05,915283.8944523335,988539.6541223526
2020-02-06,926312.9485881329,998774.4655542374
2020-02-07,942950.123124361,1011841.5935297012
2020-02-10,942616.4847195148,1000294.634850502
2020-02-11,948181.5093491077,1017969.4478082657
2020-02-12,945419.5966575146,1016625.1285486221
2020-02-13,943432.2576510906,1009374.6273584366
2020-02-14,941085.3762876987,1006536.1423273087
2020-02-17,940565.636339426,984877.6665735245
2020-02-18,929419.6994521618,979096.4247674942
2020-02-19,939415.8122577667,997998.4698724747
2020-02-20,944220.8826136589,1001625.0514307022
2020-02-24,920956.9190378189,979925.5598993301
2020-02-25,907994.4916579723,976433.8599176407
2020-02-26,903596.8391122818,972381.145699501
2020-02-27,896534.9000735283,967178.7041254044
2020-02-28,886660.8580532074,953623.3486261368
2020-03-02,880481.545198679,948978.9500665665
2020-03-03,885738.3501303196,949238.7708063126
2020-03-04,879498.7523062229,944136.5781793594
2020-03-05,884297.8994619846,946838.554558754
2020-03-06,876040.8863699436,945768.7983942032
2020-03-09,866293.1366140842,939226.9309625626
2020-03-11,865690.7028677464,936856.5789117813
2020-03-12,860830.9903433323,932645.7119073868
2020-03-13,860830.9903433323,936903.3590021133
2020-03-16,860830.9903433323,934371.3301935196
2020-03-17,860830.9903433323,931024.6730890274
2020-03-18,860830.9903433323,931024.6730890274
2020-03-19,860830.9903433323,931024.6730890274
2020-03-20,860830.9903433323,931024.6730890274
2020-03-23,860830.9903433323,931024.6730890274
2020-03-24,860830.9903433323,931024.6730890274
2020-03-25,860830.9903433323,931024.6730890274
2020-03-26,860830.9903433323,931024.6730890274
2020-03-27,860830.9903433323,931024.6730890274
2020-03-30,860830.9903433323,931024.6730890274
2020-03-31,860830.9903433323,931024.6730890274
2020-04-01,860830.9903433323,931024.6730890274
2020-04-03,860830.9903433323,931024.6730890274
2020-04-07,860830.9903433323,931024.6730890274
2020-04-08,860830.9903433323,931024.6730890274
2020-04-09,860830.9903433323,931024.6730890274
2020-04-13,860830.9903433323,931024.6730890274
2020-04-15,860830.9903433323,931024.6730890274
2020-04-16,860830.9903433323,931024.6730890274
2020-04-17,860830.9903433323,931024.6730890274
2020-04-20,860830.9903433323,931024.6730890274
2020-04-21,860830.9903433323,931024.6730890274
2020-04-22,860830.9903433323,931024.6730890274
2020-04-23,860830.9903433323,931024.6730890274
2020-04-24,860830.9903433323,931024.6730890274
2020-04-27,860830.9903433323,931024.6730890274
2020-04-28,860830.9903433323,931024.6730890274
2020-04-29,860830.9903433323,931024.6730890274
2020-04-30,860830.9903433323,931024.6730890274
2020-05-04,860830.9903433323,931024.6730890274
2020-05-05,860830.9903433323,931024.6730890274
2020-05-06,860830.9903433323,931024.6730890274
2020-05-07,860830.9903433323,931024.6730890274
2020-05-08,860830.9903433323,931024.6730890274
2020-05-11,860830.9903433323,931024.6730890274
2020-05-12,860830.9903433323,931024.6730890274
2020-05-13,860830.9903433323,931024.6730890274
2020-05-14,860830.9903433323,931024.6730890274
2020-05-15,860830.9903433323,931024.6730890274
2020-05-18,860830.9903433323,931024.6730890274
2020-05-19,860830.9903433323,931024.6730890274
2020-05-20,860830.9903433323,931024.6730890274
2020-05-21,860830.9903433323,931024.6730890274
2020-05-22,860830.9903433323,931024.6730890274
2020-05-26,860830.9903433323,931024.6730890274
2020-05-27,860830.9903433323,931024.6730890274
2020-05-28,860830.9903433323,931024.6730890274
2020-05-29,860830.9903433323,931024.6730890274
2020-06-01,860830.9903433323,931024.6730890274
2020-06-02,860830.9903433323,931024.6730890274
2020-06-03,860830.9903433323,931024.6730890274
2020-06-04,860830.9903433323,931024.6730890274
2020-06-05,860830.9903433323,931024.6730890274
2020-06-08,860830.9903433323,931024.6730890274
2020-06-09,860830.9903433323,931024.6730890274
2020-06-10,860830.9903433323,931024.6730890274
2020-06-11,860830.9903433323,931024.6730890274
2020-06-12,860830.9903433323,931024.6730890274
2020-06-15,860830.9903433323,931024.6730890274
2020-06-16,860830.9903433323,931024.6730890274
2020-06-17,860830.9903433323,931024.6730890274
2020-06-18,860830.9903433323,931024.6730890274
2020-06-19,860830.9903433323,931024.6730890274
2020-06-22,860830.9903433323,931024.6730890274
2020-06-23,860830.9903433323,931024.6730890274
2020-06-24,860830.9903433323,931024.6730890274
2020-06-25,860830.9903433323,931024.6730890274
2020-06-26,860830.9903433323,931024.6730890274
2020-06-29,860830.9903433323,931024.6730890274
2020-06-30,860830.9903433323,931024.6730890274
2020-07-01,860830.9903433323,931024.6730890274
2020-07-02,860830.9903433323,931024.6730890274
2020-07-03,860830.9903433323,931024.6730890274
2020-07-06,860830.9903433323,931024.6730890274
2020-07-07,860830.9903433323,931024.6730890274
2020-07-08,860830.9903433323,931024.6730890274
2020-07-09,860830.9903433323,931024.6730890274
2020-07-10,860830.9903433323,931024.6730890274
2020-07-13,860830.9903433323,931024.6730890274
2020-07-14,860830.9903433323,931024.6730890274
2020-07-15,860830.9903433323,931024.6730890274
2020-07-16,860830.9903433323,931024.6730890274
2020-07-17,860830.9903433323,931024.6730890274
2020-07-20,868485.6111785173,944749.7914438248
2020-07-21,860821.1828297377,933065.6742448807
2020-07-22,852052.4849054813,923671.150730133
2020-07-23,859070.3286209106,924234.8402833939
2020-07-24,863122.8512701988,921967.2349252701
2020-07-27,868157.7875651121,923249.8850784302
2020-07-28,874039.8731210232,938515.6872167587
2020-07-29,878415.3043270111,942158.7289133072
2020-07-30,879375.9584727287,938367.515458107
2020-07-31,883874.0889055729,949829.4779148102
2020-08-03,910278.5133342743,974832.8197607994
2020-08-04,911801.7962822914,983122.783908844
2020-08-05,916781.0052051544,990871.944442749
2020-08-06,932872.0683851242,1000715.1980676651
2020-08-07,946455.6748893261,1010399.9186506271
2020-08-10,973375.6086790562,1045912.6177358627
2020-08-11,964456.8234572411,1020858.0438833237
2020-08-12,961804.4805269241,1020626.4132051468
2020-08-13,968574.6276407242,1027096.4197101593
2020-08-14,957988.1588103771,1006119.9550380707
2020-08-17,956534.6830229759,1014719.8359661102
2020-08-18,973512.3923006058,1022914.8468503952
2020-08-19,988827.4196572304,1035072.843870163
2020-08-20,988891.3471922874,1041005.4125947952
2020-08-21,1000810.8381915092,1059549.3025197983
2020-08-24,1022059.2109274864,1071205.8484811783
2020-08-25,1016669.0731363297,1062284.5945196152
2020-08-26,1021648.7255020142,1064851.6419858932
2020-08-27,1024936.3514552116,1074378.9396028519
2020-08-28,1032290.58381176,1072600.6638059616
2020-08-31,1000496.4704833031,1027749.4060077667
2020-09-01,997370.7885832787,1028776.4111528397
2020-09-02,1015800.2518382072,1048967.1962327957
2020-09-03,1032765.1433672905,1066346.99330616
2020-09-04,1033258.2549433708,1060563.3904008865
2020-09-07,1042225.7554445267,1082596.1870775223
2020-09-08,1037645.0801427364,1083778.977314949
2020-09-09,1032515.9598124027,1085884.5177354813
2020-09-10,1042577.8906576633,1095612.5073137283
2020-09-11,1043638.2522597313,1101216.0048265457
2020-09-14,1081995.9187300205,1138767.3199510574
2020-09-15,1082530.1358361244,1142706.578373909
2020-09-16,1090699.2349812984,1135155.3637895584
2020-09-17,1085688.6333272457,1131906.1536455154
2020-09-18,1091780.7581243515,1145475.7007341385
2020-09-21,1057435.730626583,1103608.843342781
2020-09-22,1044635.9474654198,1083011.3745775223
2020-09-23,1040474.2376608849,1071395.9969072342
2020-09-24,1018375.6401495934,1049495.9112596512
2020-09-25,1039212.7141928673,1074496.8878221512
2020-09-28,1073344.5333313942,1104167.8830766678
2020-09-29,1080648.7802815437,1104357.1397600174
2020-09-30,1075678.6173062325,1102004.8103990555
2020-10-01,1081070.9284501076,1110521.9280748367
2020-10-05,1091694.5363183022,1121614.6676988602
2020-10-06,1102291.446922779,1136491.485630989
2020-10-07,1092578.441063404,1127121.8773851395
2020-10-08,1089122.6359009743,1133399.049656868
2020-10-09,1084223.451933384,1132978.3513231277
2020-10-12,1076058.5032582283,1121962.5357103348
2020-10-13,1074537.211294651,1120236.469212532
2020-10-14,1065835.6499466896,1118758.07684803
2020-10-15,1056072.548643589,1107829.5332078934
2020-10-16,1063188.2415833473,1119731.0694932938
2020-10-19,1067220.358906269,1121398.8117113113
2020-10-20,1069058.532028675,1121293.1822252274
2020-10-21,1069471.2930493355,1117984.6574144363
2020-10-22,1059203.804464817,1109487.5239915848
2020-10-23,1065403.7460007668,1113546.1788377762
2020-10-26,1055356.3208227158,1105732.529808998
2020-10-27,1065265.5423660278,1117706.4379091263
2020-10-28,1061915.4406766891,1105791.2459230423
2020-10-29,1076964.2243819237,1110242.662949562
2020-10-30,1091912.071633339,1113422.2564058304
2020-11-02,1089298.6800012589,1091994.0003061295
2020-11-03,1095214.8213558197,1087080.1209611893
2020-11-04,1092479.5855140686,1085075.110444069
2020-11-05,1094642.951851368,1087639.1908693314
2020-11-06,1093643.8485646248,1089279.7433977127
2020-11-09,1096362.1210656166,1098076.9277353287
2020-11-10,1080271.2512068748,1079405.5448389053
2020-11-11,1098251.0037417412,1097669.501112938
2020-11-12,1112150.1360821724,1110524.84953022
2020-11-13,1127527.2858319283,1129622.0285463333
2020-11-17,1163323.950448513,1174699.1195077896
2020-11-18,1170072.7659974098,1194771.3449029922
2020-11-19,1158841.243036747,1181541.145852089
2020-11-20,1168017.7379069328,1202394.7629728317
2020-11-23,1187595.501320362,1223471.7396211624
2020-11-24,1188578.2873301506,1228167.584385872
2020-11-25,1167678.086163044,1202555.2515554428
2020-11-26,1170409.3751587868,1206057.2384386063
2020-11-27,1191089.1801667213,1250207.8608980179
2020-12-01,1206680.5497479439,1266355.8272390366
2020-12-02,1220064.1294341087,1274767.0357599258
2020-12-03,1229184.2200627327,1273727.4333257675
2020-12-04,1236256.4776291847,1272508.364563942
2020-12-07,1240641.633752346,1262741.4892377853
2020-12-08,1246237.0537228584,1258249.0824804306
2020-12-09,1258230.1666665077,1269816.6724233627
2020-12-10,1255371.2824902534,1263181.107047081
2020-12-11,1255116.243135929,1273529.6998758316
2020-12-14,1258943.0747942924,1278351.6043958664
2020-12-15,1257411.9249196053,1290186.0053052902
2020-12-16,1260349.950747013,1297930.3115301132
2020-12-17,1274439.8378024101,1305671.0269117355
2020-12-18,1264502.6837267876,1310190.5164365768
2020-12-21,1205161.0088362694,1245004.3384122849
2020-12-22,1218008.231575489,1262739.1958341599
2020-12-23,1244308.4940857887,1288683.172785759
2020-12-24,1250714.4684948921,1297847.689204216
2020-12-28,1264124.4265618324,1312419.820506096
2020-12-29,1270986.5492796898,1319213.9512357712
2020-12-30,1284596.1838259697,1332944.098238945
2020-12-31,1276531.1913027763,1332988.5345335007
2021-01-01,1276152.463485241,1347536.502459526
2021-01-04,1293362.0931038857,1370882.8693151474
2021-01-05,1309163.1146388054,1376503.2346029282
2021-01-06,1310394.925719738,1371873.5732812881
2021-01-07,1322731.5938763618,1387058.0609369278
2021-01-08,1319408.571027279,1389857.5776319504
2021-01-11,1305831.4443411827,1383765.788851738
2021-01-12,1322173.6092123985,1405961.5366926193
2021-01-13,1322405.385579586,1397554.0235395432
2021-01-14,1314902.4495863914,1403682.8460874557
2021-01-15,1310325.939359188,1384996.7285718918
2021-01-18,1277703.5311694145,1331591.3515882492
2021-01-19,1298973.0269827843,1376430.6703329086
2021-01-20,1306058.1297736168,1390743.4865465164
2021-01-21,1292119.6810774803,1367741.371500969
2021-01-22,1274227.1119303703,1350506.962723732
2021-01-25,1259173.790751934,1334708.3434019089
2021-01-27,1256833.7422213554,1325682.4151678085
2021-01-28,1264423.0847086906,1326689.5271978378
2021-01-29,1271850.9439444542,1318291.5773324966
2021-02-01,1298813.9846396446,1328921.7638177872
2021-02-02,1332907.5970664024,1359645.9186315536
2021-02-03,1353675.9174075127,1373161.7856206894
2021-02-04,1376029.1580691338,1400508.208445549
2021-02-05,1380827.827281475,1394095.7991228104
2021-02-08,1391661.9525465965,1392051.1579732895
2021-02-09,1386462.8636279106,1379605.1774511337
2021-02-10,1380265.3986201286,1382229.2084207535
2021-02-11,1390265.954513073,1401185.3147192001
2021-02-12,1394909.7646517754,1400958.4410219193
2021-02-15,1407239.92648077,1419256.0078496933
2021-02-16,1430775.1546854973,1439987.958762169
2021-02-17,1437714.257794857,1438091.9488668442
2021-02-18,1451137.9628767967,1446039.89574337
2021-02-19,1445096.0244574547,1432795.4707021713
2021-02-22,1442359.4570345879,1426388.4151353836
2021-02-23,1454176.1387782097,1442839.8544912338
2021-02-24,1470027.7285323143,1457526.9035787582
2021-02-25,1490076.7396826744,1484520.0604085922
2021-02-26,1491785.5025801659,1470772.340104103
2021-03-01,1522310.3832659721,1502132.6359243393
2021-03-02,1545891.522576809,1528689.0455598831
2021-03-03,1595584.9425406456,1568696.3236150742
2021-03-04,1612192.1900954247,1566600.427359581
2021-03-05,1601012.9642539024,1552303.981850624
2021-03-08,1613459.7032294273,1574210.835928917
2021-03-09,1604903.0015654564,1542103.264494896
2021-03-10,1628476.7369818687,1544852.1764669418
2021-03-12,1640722.1626410484,1559053.6077947617
2021-03-15,1648965.7931380272,1550859.1957979202
2021-03-16,1640966.9238944054,1543214.8390054703
2021-03-17,1592454.8622879982,1508598.912522316
2021-03-18,1564337.0516200066,1476027.4068717957
2021-03-19,1562858.649234295,1472203.3324403763
2021-03-22,1613362.6852231026,1506682.6467504501
2021-03-23,1667109.0896935463,1554223.6618909836
2021-03-24,1651997.8558793068,1544943.1247053146
2021-03-25,1604187.3448061943,1501994.9459524155
2021-03-26,1616160.1859173775,1511248.8326978683
2021-03-30,1637700.5828490257,1530096.4514722824
2021-03-31,1657201.6199011803,1555609.8261823654
2021-04-01,1718934.8321909904,1628377.5776777267
2021-04-05,1737787.3286528587,1646864.0973005295
2021-04-06,1770306.129389286,1669928.4698438644
2021-04-07,1742914.3302760124,1630274.0826063156
2021-04-08,1725363.215728283,1601251.735285759
2021-04-09,1720200.0435061455,1593200.3490095139
2021-04-12,1635695.9131426811,1503816.6453504562
2021-04-13,1649523.1018137932,1525464.1152601242
2021-04-15,1647092.0960001945,1526975.0847730637
2021-04-16,1663920.1542277336,1530611.1369428635
2021-04-19,1647313.0066523552,1505049.654704094
2021-04-20,1667970.7048106194,1514069.9304914474
2021-04-22,1681177.3580698967,1521597.6780805588
2021-04-23,1673959.0317378044,1522887.2241621017
2021-04-26,1689319.3956751823,1541175.7941083908
2021-04-27,1712481.699660778,1562816.6670331955
2021-04-28,1719028.08106184,1566751.721110344
2021-04-29,1745318.2702326775,1596644.932108879
2021-04-30,1746080.8149867058,1596736.8007307053
2021-05-03,1768691.9445033073,1628118.3763227463
2021-05-04,1751919.6441950798,1613878.9953107834
2021-05-05,1768089.2433543205,1626186.340250969
2021-05-06,1809015.5135493279,1658022.8927106857
2021-05-07,1841712.9821696281,1704514.9862775803
2021-05-10,1852746.2066569328,1733785.41974926
2021-05-11,1832755.15162611,1707056.0182294846
2021-05-12,1803806.8464121819,1656627.4469099045
2021-05-14,1761124.8186793327,1608505.373240471
2021-05-17,1806043.1371035576,1648324.3358898163
2021-05-18,1824365.8947443962,1669484.3413295746
2021-05-19,1828648.0586009026,1662736.272521019
2021-05-20,1837921.3146624565,1659776.9466848373
2021-05-21,1862245.3912043571,1674561.8137693405
2021-05-24,1867251.9965281487,1684319.3308696747
2021-05-25,1878252.2584376335,1701383.1900196075
2021-05-26,1859731.5930247307,1697449.0470733643
2021-05-27,1869675.5525774956,1698150.950255394
2021-05-28,1844182.8700785637,1684176.783903122
2021-05-31,1869508.1920247078,1683621.3039865494
2021-06-01,1862616.9319109917,1694537.0169229507
2021-06-02,1906127.9366259575,1725119.5926418304
2021-06-03,1929726.749935627,1743605.1499595642
2021-06-04,1943636.2612690926,1763276.4228448868
2021-06-07,1967578.1959223747,1768602.2098636627
2021-06-08,1976579.8340620995,1768143.9757585526
2021-06-09,1958583.5400643349,1738070.5530223846
2021-06-10,1983948.3065447807,1757114.3259868622
2021-06-11,1990550.0421147346,1764012.4131317139
2021-06-14,1987682.6699767113,1731035.136724472
2021-06-15,1996780.6561055183,1721756.9497976303
2021-06-16,2010387.5907416344,1705227.4859542847
2021-06-17,2031739.6894402504,1700176.924621582
2021-06-18,2040692.7820925713,1700063.6555433273
2021-06-21,2071614.8956751823,1718007.0131111145
2021-06-22,2129538.207634449,1774010.0680475235
2021-06-23,2108891.4178500175,1772658.6742038727
2021-06-24,2114994.598689556,1751182.3990535736
2021-06-25,2125318.583409786,1748004.402288437
2021-06-28,2139385.566590786,1740865.3857631683
2021-06-29,2186030.640627384,1746288.703119278
2021-06-30,2212453.662689209,1759140.314157486
2021-07-01,2229308.029625416,1768432.757276535
2021-07-02,2285193.1310105324,1784494.5661449432
2021-07-05,2367388.0120711327,1824532.4173431396
2021-07-06,2403433.1775975227,1813974.8356075287
2021-07-07,2368466.017794132,1814590.008588791
2021-07-08,2375464.670543194,1811945.6342277527
2021-07-09,2378905.300524235,1828261.0144577026
2021-07-12,2390511.512901306,1849109.8812217712
2021-07-13,2378807.8315911293,1857899.6918315887
2021-07-14,2367722.953347206,1870817.4010562897
2021-07-15,2347498.1790118217,1898071.40981102
2021-07-16,2377736.201757431,1927962.3554325104
2021-07-19,2413325.137163162,1955596.7110214233
2021-07-20,2378191.117673874,1931543.097705841
2021-07-22,2399206.2551574707,1952225.3613853455
2021-07-23,2380987.4843292236,1953617.7346611023
2021-07-26,2404591.9404087067,1972477.5498313904
2021-07-27,2386954.9412403107,1953643.917842865
2021-07-28,2390007.2826919556,1942282.963962555
2021-07-29,2407097.0100688934,1960966.0846672058
2021-07-30,2430266.341478348,1961438.199344635
2021-08-02,2469926.0773830414,1994405.1913642883
2021-08-03,2467589.1445961,1988075.8001060486
2021-08-04,2447611.1785678864,1968932.8851966858
2021-08-05,2432929.0433826447,1961510.9779548645
2021-08-06,2436265.835176468,1969563.3577919006
2021-08-09,2423685.93302536,1953448.7671928406
2021-08-10,2363698.054318428,1884895.7593193054
2021-08-11,2366087.834927559,1878307.648311615
2021-08-12,2399038.1380701065,1911482.3634529114
2021-08-13,2419503.9011240005,1921381.2912330627
2021-08-16,2385913.5367975235,1898339.2996177673
2021-08-17,2334817.2487154007,1884153.8943367004
2021-08-18,2316938.583668709,1875886.155834198
2021-08-20,2276939.906098366,1834905.56167984
2021-08-23,2241643.4948778152,1795084.094532013
2021-08-24,2280791.0369234085,1814118.8300361633
2021-08-25,2292151.941464424,1812231.2128486633
2021-08-26,2300773.300488472,1812569.6700630188
2021-08-27,2313398.842160225,1813166.7725715637
2021-08-30,2356137.803765297,1854368.691822052
2021-08-31,2362579.496659279,1892826.7832984924
2021-09-01,2369204.135567665,1883149.7501716614
2021-09-02,2373001.698861122,1886128.8874855042
2021-09-03,2404170.3635988235,1912200.6033058167
2021-09-06,2409394.7742471695,1911465.0378074646
2021-09-07,2405574.8368883133,1886271.7601661682
2021-09-08,2451728.0797891617,1898596.004032135
2021-09-09,2483184.658112526,1912312.8448753357
2021-09-13,2518960.680085182,1947443.4065055847
2021-09-14,2543750.102265358,1969710.0179252625
2021-09-15,2575434.615914345,1978184.3793678284
2021-09-16,2543458.659283638,1969526.9502830505
2021-09-17,2510222.426194191,1947534.1072731018
2021-09-20,2434749.4145174026,1902886.1040267944
2021-09-21,2449058.481894493,1905069.8125896454
2021-09-22,2500164.548119545,1935319.4463615417
2021-09-23,2516930.6466550827,1951791.9421291351
2021-09-24,2527612.299542427,1969016.6058654785
2021-09-27,2528608.5262994766,1955852.785938263
2021-09-28,2515644.7948026657,1949247.8763904572
2021-09-29,2534561.631047249,1948374.6451721191
2021-09-30,2557115.2553186417,1960625.124118805
2021-10-01,2576598.8381738663,1966756.7300376892
2021-10-04,2634544.0249300003,1985180.7676963806
2021-10-05,2640183.9282827377,2003708.3095531464
2021-10-06,2630010.9237394333,1985884.7828769684
2021-10-07,2681547.879555702,2020356.9074363708
2021-10-08,2696594.598134041,2021238.1552009583
2021-10-11,2734782.7115945816,2033919.570728302
2021-10-12,2751045.1404047012,2040197.9722557068
2021-10-13,2767643.104830742,2059303.2818470001
2021-10-14,2800949.1170549393,2091320.2916107178
2021-10-18,2854957.7100839615,2099923.1768455505
2021-10-19,2773736.772564888,2029576.1754837036
2021-10-20,2766763.310391426,1988719.1825027466
2021-10-21,2751502.00061512,1976249.8139648438
2021-10-22,2755913.6635637283,1963419.9991760254
2021-10-25,2696987.9283800125,1928650.0371322632
2021-10-26,2752365.0314302444,1963252.165512085
2021-10-27,2770817.23448658,1981091.0228881836
2021-10-28,2697960.6376390457,1922784.7287368774
2021-10-29,2670350.4465761185,1910046.699520111
2021-11-01,2719948.602162361,1949387.375175476
2021-11-02,2767596.1492471695,1986102.2372322083
2021-11-03,2755948.1946344376,1967975.3844032288
2021-11-04,2797646.201874733,1998036.1746177673
2021-11-08,2842986.2624368668,2033621.897468567
2021-11-09,2866475.5605134964,2044328.4174079895
2021-11-10,2855782.8383951187,2034863.9900894165
2021-11-11,2816045.597340584,2009102.0636634827
2021-11-12,2830593.79918766,2012733.3091278076
2021-11-15,2846828.422188759,2027583.4609375
2021-11-16,2855084.1546182632,2040568.129562378
2021-11-17,2862181.7594919205,2048290.7031021118
2021-11-18,2827474.123562813,2038833.0770454407
2021-11-22,2767205.29326725,2015706.385269165
2021-11-23,2830643.0241937637,2052867.5490112305
2021-11-24,2852214.714501381,2065009.43624115
2021-11-25,2888810.0132837296,2090874.6245880127
2021-11-26,2837458.7697381973,2065293.6447982788
2021-11-29,2805453.316628456,2043856.2499847412
2021-11-30,2862206.036477089,2083441.9408416748
2021-12-01,2877854.979836464,2093578.8776626587
2021-12-02,2915378.108941078,2115793.347930908
2021-12-03,2947481.377678871,2132694.203125
2021-12-06,2961882.0793533325,2143424.224500656
2021-12-07,2983768.1985473633,2169130.6972026825
2021-12-08,2984423.4864034653,2173595.4516716003
2021-12-09,3048065.5801258087,2229107.892015457
2021-12-10,3088191.6736621857,2262151.715532303
2021-12-13,3112542.8620147705,2266961.157514572
2021-12-14,3150434.612625122,2297398.3126354218
2021-12-15,3164598.9181604385,2315808.8873291016
2021-12-16,3157813.0172815323,2315678.640258789
2021-12-17,3096429.713362694,2278598.798473358
2021-12-20,2965336.152484894,2197304.9858722687
2021-12-21,2942072.722558975,2205081.573633194
2021-12-22,2952891.9934282303,2217914.7540836334
2021-12-23,2959622.9015245438,2227367.05075264
2021-12-24,2958936.305299759,2226051.3101673126
2021-12-27,3040785.150540352,2230672.949541092
2021-12-28,3083545.3115053177,2264668.698572159
2021-12-29,3102139.871649742,2273300.2784748077
2021-12-30,3111991.527440071,2291531.794893265
2021-12-31,3140936.1412916183,2312687.975725174
2022-01-03,3212868.870774269,2353798.8828525543
2022-01-04,3209828.128203392,2357059.2283878326
2022-01-05,3197648.580267906,2363086.7369861603
2022-01-06,3248426.9729146957,2385764.0543613434
2022-01-07,3318261.5295495987,2422670.1312732697
2022-01-10,3378185.508477211,2440794.483446121
2022-01-11,3389427.443974495,2424048.5806064606
2022-01-12,3379251.240592003,2414295.762796402
2022-01-13,3349571.325191498,2406075.3855991364
2022-01-14,3376628.4452285767,2412548.873270035
2022-01-17,3398519.367500305,2413169.6264591217
2022-01-18,3327195.57161808,2357849.3420581818
2022-01-19,3313389.5230998993,2359714.7815876007
2022-01-20,3336206.6185646057,2380172.2253284454
2022-01-21,3283382.4156417847,2335952.639978409
2022-01-24,3127523.1690158844,2207944.982904434
2022-01-25,3138248.0579013824,2235270.7598514557
2022-01-27,3162907.8420038223,2227858.619409561
2022-01-28,3188366.8302869797,2223410.307153702
2022-01-31,3199041.526391983,2222901.693414688
2022-02-01,3242685.607339859,2240593.834848404
2022-02-02,3279763.4747695923,2252033.1123752594
2022-02-03,3312214.682413101,2248114.8155002594
2022-02-04,3343189.6105127335,2261947.352045059
2022-02-07,3331694.164546013,2251015.058084488
2022-02-08,3286500.260339737,2215966.2785129547
2022-02-09,3286327.8359308243,2228210.106241226
2022-02-10,3292871.015999794,2204148.0255680084
2022-02-11,3208452.5502557755,2146365.1237277985
2022-02-14,3056648.5250167847,2045756.7060070038
2022-02-15,3122014.6119527817,2066746.6475811005
2022-02-16,3125923.57968235,2071773.002781868
2022-02-17,3130295.752732277,2083654.5914440155
2022-02-18,3104979.9122018814,2074346.9875936508
2022-02-21,3002174.3696050644,2002483.4197006226
2022-02-22,2937690.172326088,1968220.8391122818
2022-02-23,2978105.625939369,1989814.82502079
2022-02-24,2795228.859799385,1875882.511918068
2022-02-25,2872962.576956749,1942826.860833168
2022-02-28,2880404.086792946,1954301.1103830338
2022-03-02,2878434.4069547653,1957265.8362512589
2022-03-03,2906386.0524988174,1967665.8269357681
2022-03-04,2892828.915127754,1939130.057847023
2022-03-07,2850757.4464502335,1907518.28835392
2022-03-08,2845090.748488426,1908890.3940668106
2022-03-09,2877404.654223442,1928416.5293207169
2022-03-10,2878249.579194069,1933457.4272699356
2022-03-11,2888620.733323097,1957369.4400873184
2022-03-14,2917855.3623285294,1983857.451622963
2022-03-15,2904064.0382623672,1956071.8711938858
2022-03-16,2914486.340174675,1977188.271782875
2022-03-17,2925351.788304329,1996515.4602594376
2022-03-21,2935038.3416643143,2014150.3739709854
2022-03-22,2936513.396180153,2027421.845864296
2022-03-23,2947341.6916589737,2025208.1732873917
2022-03-24,2976191.9421625137,2035339.693581581
2022-03-25,3019700.013504982,2032138.4203577042
2022-03-28,3049552.742863655,2063180.3139123917
2022-03-29,3101070.6736078262,2077024.1961603165
2022-03-30,3107171.4499559402,2082314.198082924
2022-03-31,3136972.7202501297,2121473.0734796524
2022-04-01,3164529.6523332596,2149509.953515053
2022-04-04,3236362.2214365005,2175340.1348199844
2022-04-05,3341043.7248888016,2177666.327401161
2022-04-06,3393297.236714363,2204071.221154213
2022-04-07,3331109.1839494705,2162423.484826088
2022-04-08,3353920.427945137,2215471.7445459366
2022-04-11,3386044.4922685623,2229227.5901880264
2022-04-12,3352049.8061037064,2194473.599404335
2022-04-13,3355356.4725236893,2223657.4182977676
2022-04-18,3332221.563275337,2221374.200325966
2022-04-19,3328469.2268953323,2169982.6802453995
2022-04-20,3379892.596554756,2185530.0342645645
2022-04-21,3388606.9780168533,2204371.9607172012
2022-04-22,3417328.088643074,2183192.1871728897
2022-04-25,3378968.28942585,2149910.618081093
2022-04-26,3401167.2437562943,2193299.587319374
2022-04-27,3418394.3664979935,2168837.1422510147
2022-04-28,3454737.97717762,2178505.5245752335
2022-04-29,3464091.1510515213,2163058.1918115616
2022-05-02,3486435.667408943,2162427.293923378
2022-05-04,3432492.458539009,2136731.142678261
2022-05-05,3438618.835492134,2136549.427163124
2022-05-06,3418597.1530275345,2096286.925209999
2022-05-09,3400224.7927446365,2074162.198586464
2022-05-10,3384670.7488832474,2069548.6918725967
2022-05-11,3353794.162671089,2069548.6918725967
2022-05-12,3334521.0639925003,2069548.6918725967
2022-05-13,3334521.0639925003,2069548.6918725967
2022-05-16,3334521.0639925003,2069548.6918725967
2022-05-17,3334521.0639925003,2069548.6918725967
2022-05-18,3334521.0639925003,2069548.6918725967
2022-05-19,3334521.0639925003,2069548.6918725967
2022-05-20,3334521.0639925003,2069548.6918725967
2022-05-23,3334521.0639925003,2069548.6918725967
2022-05-24,3334521.0639925003,2069548.6918725967
2022-05-25,3334521.0639925003,2069548.6918725967
2022-05-26,3334521.0639925003,2069548.6918725967
2022-05-27,3334521.0639925003,2069548.6918725967
2022-05-30,3334521.0639925003,2069548.6918725967
2022-05-31,3334521.0639925003,2069548.6918725967
2022-06-01,3334521.0639925003,2069548.6918725967
2022-06-02,3334521.0639925003,2069548.6918725967
2022-06-03,3334521.0639925003,2069548.6918725967
2022-06-06,3334521.0639925003,2069548.6918725967
2022-06-07,3334521.0639925003,2069548.6918725967
2022-06-08,3334521.0639925003,2069548.6918725967
2022-06-09,3334521.0639925003,2069548.6918725967
2022-06-10,3334521.0639925003,2069548.6918725967
2022-06-13,3334521.0639925003,2069548.6918725967
2022-06-14,3334521.0639925003,2069548.6918725967
2022-06-15,3334521.0639925003,2069548.6918725967
2022-06-16,3334521.0639925003,2069548.6918725967
2022-06-17,3334521.0639925003,2069548.6918725967
2022-06-20,3334521.0639925003,2069548.6918725967
2022-06-21,3334521.0639925003,2069548.6918725967
2022-06-22,3334521.0639925003,2069548.6918725967
2022-06-23,3334521.0639925003,2069548.6918725967
2022-06-24,3334521.0639925003,2069548.6918725967
2022-06-27,3334521.0639925003,2069548.6918725967
2022-06-28,3334521.0639925003,2069548.6918725967
2022-06-29,3334521.0639925003,2069548.6918725967
2022-06-30,3334521.0639925003,2069548.6918725967
2022-07-01,3334521.0639925003,2069548.6918725967
2022-07-04,3334521.0639925003,2069548.6918725967
2022-07-05,3334521.0639925003,2069548.6918725967
2022-07-06,3334521.0639925003,2069548.6918725967
2022-07-07,3334521.0639925003,2069548.6918725967
2022-07-08,3334521.0639925003,2069548.6918725967
2022-07-11,3334521.0639925003,2069548.6918725967
2022-07-12,3334521.0639925003,2069548.6918725967
2022-07-13,3334521.0639925003,2069548.6918725967
2022-07-14,3334521.0639925003,2069548.6918725967
2022-07-15,3334521.0639925003,2069548.6918725967
2022-07-18,3334521.0639925003,2069548.6918725967
2022-07-19,3334521.0639925003,2069548.6918725967
2022-07-20,3334521.0639925003,2069548.6918725967
2022-07-21,3334521.0639925003,2069548.6918725967
2022-07-22,3334521.0639925003,2069548.6918725967
2022-07-25,3334521.0639925003,2069548.6918725967
2022-07-26,3334521.0639925003,2069548.6918725967
2022-07-27,3334521.0639925003,2069548.6918725967
2022-07-28,3334521.0639925003,2069548.6918725967
2022-07-29,3334521.0639925003,2069548.6918725967
2022-08-01,3394808.3832063675,2120308.0309762955
2022-08-02,3424431.5523576736,2134217.494591713
2022-08-03,3400460.9565782547,2121667.236096382
2022-08-04,3398139.31903553,2127309.8647851944
2022-08-05,3389955.21054554,2108511.257504463
2022-08-08,3431484.5227632523,2155486.882996559
2022-08-10,3405788.166127205,2145620.488732338
2022-08-11,3417446.8325395584,2159340.379006386
2022-08-12,3387498.7010240555,2144395.6644182205
2022-08-16,3398617.0088624954,2167019.2070360184
2022-08-17,3406662.930653572,2154596.8229875565
2022-08-18,3408303.8613176346,2147967.660908699
2022-08-19,3390444.6558732986,2126986.4740800858
2022-08-22,3339770.4643144608,2099162.538907051
2022-08-23,3411223.217686653,2137856.131249428
2022-08-24,3428508.1850862503,2161480.9329385757
2022-08-25,3435026.3824357986,2162374.0547800064
2022-08-26,3481981.280804634,2190237.7132577896
2022-08-29,3488147.0144548416,2191188.6310243607
2022-08-30,3554767.917134285,2223270.8420991898
2022-09-01,3584199.6975450516,2248858.2712984085
2022-09-02,3583215.0486192703,2251971.889195442
2022-09-05,3638994.070157051,2264589.077115059
2022-09-06,3644143.6533327103,2274067.9834833145
2022-09-07,3672604.867102623,2273217.521569252
2022-09-08,3723649.122616768,2281878.313267708
2022-09-09,3695839.5918626785,2273001.7703676224
2022-09-12,3729697.8415842056,2305845.996869087
2022-09-13,3730708.126561165,2301632.819741249
2022-09-14,3730076.4999132156,2299455.1363039017
2022-09-15,3751263.0250558853,2346986.2871980667
2022-09-16,3700560.806004524,2325781.525956154
2022-09-19,3643534.981850624,2304097.2049417496
2022-09-20,3643519.644551277,2291065.654112816
2022-09-21,3599120.911503792,2250320.933163643
2022-09-22,3623180.855732918,2277546.587105751
2022-09-23,3562431.3355646133,2238122.5863542557
2022-09-26,3427635.8126688004,2128875.515347481
2022-09-27,3443045.843091011,2137952.6877584457
2022-09-28,3450760.537499428,2143150.0316343307
2022-09-29,3425861.8228578568,2146011.622168541
2022-09-30,3512626.074719429,2184090.493010521
2022-10-03,3443760.505009651,2158032.1152334213
2022-10-04,3531812.070588112,2204702.9011564255
2022-10-06,3562563.069554329,2243129.2300138474
2022-10-07,3606600.3358278275,2271129.3688573837
2022-10-10,3565955.382870674,2258351.0683698654
2022-10-11,3501575.4256219864,2193566.9624700546
2022-10-12,3494609.946042061,2212940.3592061996
2022-10-13,3464096.8356256485,2198642.2705755234
2022-10-14,3465669.9960603714,2197213.46214962
2022-10-17,3493144.935479164,2206836.5056676865
2022-10-18,3548384.5478105545,2230937.366633415
2022-10-19,3551625.028157234,2224820.3584508896
2022-10-20,3546831.2071466446,2229664.2287168503
2022-10-21,3504026.8385477066,2215823.882704735
2022-10-24,3558319.495976448,2234027.90563488
2022-10-25,3554858.246079445,2232100.827979088
2022-10-27,3614614.536629677,2256881.1784734726
2022-10-28,3588278.4799547195,2248123.656241417
2022-10-31,3608330.496193886,2254363.1317510605
2022-11-01,3582738.496808052,2263611.542807579
2022-11-02,3617055.985516548,2278366.4912252426
2022-11-03,3632949.137471199,2291941.748755455
2022-11-04,3680216.058983803,2318189.0989751816
2022-11-07,3708369.9783067703,2341620.7365789413
2022-11-09,3724645.7477960587,2344914.375494957
2022-11-10,3594653.7479104996,2302747.251639366
2022-11-11,3618099.730740547,2326972.1306447983
2022-11-14,3610691.2727594376,2350516.7518224716
2022-11-15,3644093.316349983,2352259.9403600693
2022-11-16,3682369.140912056,2354229.0296697617
2022-11-17,3670422.852189064,2344013.8933324814
2022-11-18,3703353.615460396,2320899.8500356674
2022-11-21,3777922.8283662796,2309018.7499837875
2022-11-22,3857461.498280525,2342373.8318548203
2022-11-23,3884809.466488838,2366121.500746727
2022-11-24,3927721.4276895523,2385761.779227257
2022-11-25,3963977.314976692,2387086.7163915634
2022-11-28,4034059.0970163345,2427256.0681123734
2022-11-29,4021994.4711961746,2430223.373744011
2022-11-30,4022045.655869484,2422854.9705228806
2022-12-01,4056859.8442087173,2448820.4217176437
2022-12-02,4080690.6382455826,2458099.9794454575
2022-12-05,4111024.4703035355,2460667.306250572
2022-12-06,4206921.671586037,2456118.4671964645
2022-12-07,4235948.446988106,2441761.4555807114
2022-12-08,4378733.746350288,2498595.376311302
2022-12-09,4222258.156155586,2436528.9764852524
2022-12-12,4331209.735749245,2482708.7467947006
2022-12-13,4522540.3372888565,2520675.2997198105
2022-12-14,4598866.101159096,2524924.6040029526
2022-12-15,4546381.907336235,2486701.842719078
2022-12-16,4460438.79358387,2434316.0470876694
2022-12-19,4444152.529284477,2447612.0310354233
2022-12-20,4444777.390912056,2479663.687010765
2022-12-21,4298447.833470345,2404647.0584402084
2022-12-22,4210183.830967903,2362545.0306539536
2022-12-23,4106172.2238435745,2265438.5055036545
2022-12-26,4365672.378230095,2405858.4314203262
2022-12-27,4439207.764653206,2442945.396748543
2022-12-28,4446608.190480232,2451304.598982811
2022-12-29,4457184.09473896,2459306.852856636
2022-12-30,4524104.330946922,2498169.4509973526
2023-01-02,4535863.884268761,2507386.2187814713
2023-01-03,4582527.4703531265,2526525.425532341
2023-01-04,4552598.808480263,2512710.0589323044
2023-01-05,4545766.907048225,2512666.425236702
2023-01-06,4487976.561779976,2479216.532336235
2023-01-09,4499444.0530080795,2479888.1118097305
2023-01-10,4421439.78267765,2440873.706606865
2023-01-11,4441275.100251198,2451382.2956495285
2023-01-12,4448736.792901039,2454357.879691124
2023-01-13,4476474.604973793,2469573.0852041245
2023-01-16,4516703.451947212,2480711.973500252
2023-01-17,4465319.494322777,2458944.4180841446
2023-01-18,4458266.545941353,2450455.8752565384
2023-01-19,4464048.4768304825,2447545.7709207535
2023-01-20,4458390.729283333,2449813.9343481064
2023-01-23,4449899.82738018,2451105.066781044
2023-01-24,4442061.898665428,2437710.32426548
2023-01-25,4431561.246527672,2428634.9001550674
2023-01-27,4349375.952391624,2384215.6723794937
2023-01-30,4379929.388224602,2386622.813656807
2023-01-31,4494095.294840813,2455529.779643059
2023-02-01,4307963.064120293,2349657.565178871
2023-02-02,4271702.312380791,2362599.227528572
2023-02-03,4260379.12394619,2351164.328816414
2023-02-06,4204835.205630302,2340626.2869138718
2023-02-07,4185627.354136467,2313413.5450143814
2023-02-08,4207117.039420128,2320341.057677269
2023-02-09,4176959.7118940353,2307118.0175466537
2023-02-10,4209951.355750084,2315428.575562477
2023-02-13,4165178.733317375,2255091.5721940994
2023-02-14,4140525.4032087326,2250943.9900636673
2023-02-15,4176480.6024770737,2258642.350909233
2023-02-16,4202020.434428215,2279210.378252983
2023-02-17,4169509.1939840317,2271763.444817543
2023-02-20,4125268.795706749,2270783.11455822
2023-02-21,4102104.1566534042,2273111.547305107
2023-02-22,4045565.1702947617,2266658.358815193
2023-02-23,4069075.7675848007,2278811.627924919
2023-02-24,4055053.723189354,2283652.7938222885
2023-02-27,3951897.3133916855,2247775.2138090134
2023-02-28,4029609.4159231186,2281221.359015465
2023-03-01,4100745.7448949814,2310536.6112394333
2023-03-02,4057053.6839437485,2293176.1660604477
2023-03-03,4121315.8540258408,2343296.552968025
2023-03-06,4181099.787009239,2363392.01995945
2023-03-08,4205470.6035757065,2367256.0110006332
2023-03-09,4211003.530303001,2354461.2152643204
2023-03-10,4191531.9776449203,2332359.8485708237
2023-03-13,4089548.772696495,2274519.890727043
2023-03-14,4061961.2784261703,2250263.291296959
2023-03-15,4079527.440718651,2275303.484015465
2023-03-16,4066926.2176656723,2270743.0245428085
2023-03-17,4092319.051543236,2263951.583167076
2023-03-20,4067509.900328636,2252925.1057806015
2023-03-21,4064833.7526082993,2248929.069220543
2023-03-22,4066157.3122091293,2245733.398932457
2023-03-23,4073939.546675682,2254317.5367803574
2023-03-24,4048153.1411733627,2235073.3105840683
2023-03-27,4048052.5202474594,2234318.280310631
2023-03-28,4056082.602660179,2243730.5516119003
2023-03-29,4097672.9267110825,2258235.5074834824
2023-03-31,4136658.71441555,2253890.7226934433
2023-04-03,4156512.258193016,2256654.808875084
2023-04-05,4154753.8568105698,2257475.5368413925
2023-04-06,4165435.6765737534,2255890.49881649
2023-04-10,4162201.033232689,2255236.663245201
2023-04-11,4152237.7438497543,2252665.199072838
2023-04-12,4149822.1832265854,2252020.7388677597
2023-04-13,4155906.4021749496,2252302.8403081894
2023-04-17,4161441.703642845,2262425.3652715683
2023-04-18,4152155.1300344467,2262006.769141197
2023-04-19,4145213.221236229,2257197.001563072
2023-04-20,4148117.0119924545,2251176.5387945175
2023-04-21,4145864.177458763,2252513.056921959
2023-04-24,4166504.8425512314,2296818.2514562607
2023-04-25,4186003.841986656,2358839.078696251
2023-04-26,4178472.486319542,2364287.427573204
2023-04-27,4259956.204863548,2390964.760458946
2023-04-28,4288655.244330406,2414965.394888878
2023-05-02,4340020.356604576,2457277.921362877
2023-05-03,4393824.657668114,2492409.1628637314
2023-05-04,4388345.037924767,2493917.9587926865
2023-05-05,4476184.813223839,2546478.7963933945
2023-05-08,4508249.702010155,2556685.577979088
2023-05-09,4416564.004332542,2494895.9188451767
2023-05-10,4344070.901488304,2445329.2863225937
2023-05-11,4461928.007849693,2469966.551642418
2023-05-12,4454659.561347008,2464436.118628502
2023-05-15,4494854.188475609,2460925.075156212
2023-05-16,4483685.956030846,2480282.351202965
2023-05-17,4463207.109015465,2478683.7900304794
2023-05-18,4498269.933783531,2475150.3909139633
2023-05-19,4489903.832571983,2466128.3042821884
2023-05-22,4498787.194113731,2462089.444785118
2023-05-23,4471760.58046627,2455363.8593740463
2023-05-24,4454596.472083092,2458702.218688011
2023-05-25,4480829.111258507,2452564.8483343124
2023-05-26,4502913.665259361,2448003.794699669
2023-05-29,4430277.98419857,2431960.03838253
2023-05-30,4370063.0778570175,2400748.4524068832
2023-05-31,4410853.250906944,2421997.6688070297
2023-06-01,4454003.034903526,2434850.588965416
2023-06-02,4476720.175284386,2427885.360159874
2023-06-05,4475582.473845482,2432293.1305189133
2023-06-06,4459980.922873497,2441264.9290323257
2023-06-07,4517088.933966637,2504976.6323633194
2023-06-08,4495157.229582787,2471478.822886467
2023-06-09,4530291.267363548,2486566.302704811
2023-06-12,4573109.969936371,2538442.7201242447
2023-06-13,4617606.540230751,2558407.750769615
2023-06-14,4613844.301304817,2562924.269556999
2023-06-15,4631230.456178665,2572747.3622426987
2023-06-16,4642175.378470421,2609775.21681118
2023-06-19,4733529.49628067,2643516.017930031
2023-06-20,4722835.074286461,2655057.8102140427
2023-06-21,4733723.049315453,2689889.3449048996
2023-06-22,4669345.144349098,2642400.806200981
2023-06-23,4635449.462510109,2596520.415745735
2023-06-26,4684495.549483299,2615286.2389268875
2023-06-27,4807498.049874306,2629586.4944696426
2023-06-28,4820049.950407982,2640471.075469017
2023-06-30,4816696.540569305,2652926.0972337723
2023-07-03,4921515.561717033,2690157.670319557
2023-07-04,4932996.747797966,2694537.432360649
2023-07-05,4900189.717259407,2676208.3567647934
2023-07-06,4968600.89514637,2704167.7007055283
2023-07-07,4920864.102456093,2693436.5263814926
2023-07-10,4894771.599740028,2670640.599448204
2023-07-11,5044550.7043943405,2718431.2085962296
2023-07-12,5101794.132430077,2745527.445420265
2023-07-13,5054122.015711784,2751775.236931801
2023-07-14,5153621.205492973,2816401.0092554092
2023-07-17,5205513.836291313,2831689.6594552994
2023-07-18,5144232.550587654,2817777.598660469
2023-07-19,5231882.375130653,2829407.3428316116
2023-07-20,5263591.476428032,2846773.525300026
2023-07-21,5322516.56317997,2908007.63607502
2023-07-24,5266784.4701833725,2905429.0909662247
2023-07-25,5284558.361433983,2894736.5385217667
2023-07-26,5294413.623270988,2892510.0884866714
2023-07-27,5305835.881554604,2915626.0516786575
2023-07-28,5236751.762032509,2954254.633542061
2023-07-31,5254625.907906532,2985831.994778633
2023-08-01,5264991.77814579,2972382.7138643265
2023-08-02,5164906.189400673,2895683.3102846146
2023-08-03,5216304.355507851,2909811.8489961624
2023-08-04,5243900.067543983,2933319.6251802444
2023-08-07,5280564.325203896,2942801.314007759
2023-08-08,5316293.210030556,2965559.3373537064
2023-08-09,5393778.008599281,2984836.8150758743
2023-08-10,5394383.932534218,2993057.462964058
2023-08-11,5419735.671151161,2999100.787747383
2023-08-14,5458387.633950233,3015275.7049646378
2023-08-16,5566259.36861515,3051285.867535591
2023-08-17,5509594.843514442,3036680.3462076187
2023-08-18,5431722.777947426,3007000.6394205093
2023-08-21,5502962.668480873,3023878.522751808
2023-08-22,5584028.687455177,3066108.8171281815
2023-08-23,5595486.630135536,3086107.5833444595
2023-08-24,5646943.984711647,3091149.024746895
2023-08-25,5614139.517449379,3095557.38903141
2023-08-28,5612320.616639137,3136337.0853242874
2023-08-29,5538298.894814491,3131964.7442712784
2023-08-30,5561882.237557411,3124434.7440271378
2023-08-31,5762957.375435829,3191182.734192848
2023-09-01,5823941.0219659805,3250187.999138832
2023-09-04,5967826.895363808,3317829.754532814
2023-09-05,6050234.56066227,3347044.0992364883
2023-09-06,5967370.771080971,3314168.7582941055
2023-09-07,5979891.903954506,3380344.061478615
2023-09-08,6047115.892678261,3428773.0700769424
2023-09-11,6071490.1646203995,3445916.195084572
2023-09-12,5677314.762688637,3248691.5680322647
2023-09-13,5636776.080727577,3237320.9694986343
2023-09-14,5644742.552285194,3234325.214158058
2023-09-15,5670761.488442421,3232163.9924173355
2023-09-18,5575010.031991005,3174532.396583557
2023-09-20,5545242.644629478,3158764.866464615
2023-09-21,5453011.167340279,3084690.105457306
2023-09-22,5520128.94819355,3114805.7725782394
2023-09-25,5551794.4315748215,3118433.611773491
2023-09-26,5629979.194092751,3156311.6792755127
2023-09-27,5685620.707001686,3164388.4483470917
2023-09-28,5650702.504542351,3151845.492702484
2023-09-29,5702416.154891014,3184616.653743744
2023-10-03,5712723.663395882,3209721.66566658
2023-10-04,5617296.002120018,3151699.8077554703
2023-10-05,5653120.350295067,3147603.7440309525
2023-10-06,5645237.649916649,3163142.7118234634
2023-10-09,5519667.741066933,3095379.156147003
2023-10-10,5689546.00449276,3180456.7350378036
2023-10-11,5757327.986605644,3218686.116706848
2023-10-12,5797351.217000008,3255304.749824524
2023-10-13,5917615.697295189,3306663.6473026276
2023-10-16,5940478.725119591,3361277.2651929855
2023-10-17,6084109.698372841,3402974.2490768433
2023-10-18,5965744.571211815,3307838.8614473343
2023-10-19,5997742.893937111,3305282.254392624
2023-10-20,5928640.378693581,3285825.571237564
2023-10-23,5650859.175942421,3140126.968014717
2023-10-25,5656197.842463493,3152607.9437065125
2023-10-26,5645757.2413778305,3145647.4952602386
2023-10-27,5666888.529574394,3148983.6356430054
2023-10-30,5737270.701170921,3193503.0864067078
2023-10-31,5763399.4568452835,3236710.538536072
2023-11-01,5793324.974068642,3230971.057951927
2023-11-02,5804712.14523983,3271389.396261215
2023-11-03,5885311.07997036,3310692.043264389
2023-11-06,5938538.582665443,3366057.133067131
2023-11-07,5995741.470072746,3403127.649181366
2023-11-08,6099954.122820854,3457222.773651123
2023-11-09,6070797.362074852,3455148.0528144836
2023-11-10,6107306.263764381,3479597.8007593155
2023-11-13,6227559.814660072,3555535.9678468704
2023-11-15,6285445.311627388,3587385.07984066
2023-11-16,6291840.88395977,3599627.9682617188
2023-11-17,6346802.860192299,3667004.7327947617
2023-11-20,6371250.608683586,3645191.9400634766
2023-11-21,6342501.813521385,3636333.195262909
2023-11-22,6334669.232504845,3601173.5813999176
2023-11-23,6339624.118266106,3644510.000202179
2023-11-24,6372396.823092461,3662986.012775421
2023-11-28,6427745.844199181,3694669.521753311
2023-11-29,6430671.134781837,3721343.388127327
2023-11-30,6536830.051251411,3765326.5986013412
2023-12-01,6557209.9593782425,3818971.3947286606
2023-12-04,6664206.072903633,3913174.5358724594
2023-12-05,6630299.330533028,3869892.315337181
2023-12-06,6630804.010525703,3880963.300810814
2023-12-07,6679799.141186714,3890946.101454735
2023-12-08,6619063.335721016,3889330.870757103
2023-12-11,6700228.228665352,3912214.9684820175
2023-12-12,6674729.0221681595,3896230.8604650497
2023-12-13,6718545.174038887,4005698.1066656113
2023-12-14,6807848.024014473,4064458.2175359726
2023-12-15,6800881.875775337,4046375.7732305527
2023-12-18,6833939.335659981,4064912.1649923325
2023-12-19,6863188.928082466,4062104.36122036
2023-12-20,6540288.897519112,3841696.739920616
2023-12-21,6667118.343976021,3898312.669470787
2023-12-22,6752551.743618965,3929294.3509664536
2023-12-26,6778632.9211091995,3966058.2308416367
2023-12-27,6786928.29913044,3988737.490614891
2023-12-28,6806283.044857979,4012564.12835598
2023-12-29,6914281.172039986,4048999.764281273
2024-01-01,7074692.120663643,4088655.509200096
2024-01-02,7107878.606671333,4088603.5298757553
2024-01-03,7201826.277798653,4152753.458762169
2024-01-04,7327810.679226875,4246911.855338097
2024-01-05,7310165.621655464,4242819.679488182
2024-01-08,7218761.927563667,4187534.3336782455
2024-01-09,7246101.270855904,4197851.970419884
2024-01-10,7265261.5277071,4241785.9605093
2024-01-11,7291965.341122627,4277187.895773888
2024-01-12,7328492.220776558,4295705.890776634
2024-01-15,7273030.358267784,4308879.456496239
2024-01-16,7325635.653143883,4374454.940024376
2024-01-17,7313634.178811073,4357073.830031395
2024-01-18,7307323.142596245,4341571.548186302
2024-01-19,7414867.776358604,4469382.832480431
2024-01-23,7260601.628958702,4311286.939352989
2024-01-24,7467418.440499306,4428466.741827965
2024-01-25,7543048.294859886,4433388.461569786
2024-01-29,7577737.596886635,4489840.29960537
2024-01-30,7584629.487044334,4508567.628836632
2024-01-31,7660983.753302574,4588314.918005943
2024-02-01,7654146.930926323,4635061.895514488
2024-02-02,7724557.8599767685,4673758.533652306
2024-02-05,7680810.778523445,4612543.7392416
2024-02-06,7748160.297091484,4696593.55980587
2024-02-07,7836490.125460625,4714861.914977074
2024-02-08,7816190.259730339,4735496.035132408
2024-02-09,7782980.128520012,4693060.620894432
2024-02-12,7380362.359761238,4402004.484061241
2024-02-13,7407156.656229973,4415428.134924889
2024-02-14,7531092.819903374,4439595.794867516
2024-02-15,7592493.690169334,4463067.619940758
2024-02-16,7622835.055434227,4477855.165366173
2024-02-19,7694151.606638908,4511476.683775902
2024-02-20,7631703.000105858,4482058.139918327
2024-02-21,7577221.858086586,4447428.105509758
2024-02-22,7644696.74709034,4478125.0732831955
2024-02-23,7595768.371106148,4483028.159823418
2024-02-26,7642265.666378975,4504819.815619469
2024-02-27,7605512.6342897415,4490088.578127861
2024-02-28,7427327.063307762,4409106.543215752
2024-02-29,7493700.944270134,4436532.836024284
2024-03-01,7605734.070166588,4529370.437903404
2024-03-04,7650928.786503792,4547592.776377678
2024-03-05,7696644.476981163,4613131.06264019
2024-03-06,7524270.5392484665,4542655.614161491
2024-03-07,7575707.84782505,4578975.818533897
2024-03-11,7471975.111702919,4533867.925692558
2024-03-12,7383050.943930626,4461454.5166425705
2024-03-13,7143514.477747917,4281618.371703148
2024-03-14,7141209.58242321,4284513.308745384
2024-03-15,7065722.670619011,4258413.72701931
2024-03-18,7003948.7764081955,4239210.184355736
2024-03-19,6929496.10473156,4179496.881550789
2024-03-20,6862066.86002636,4136182.757912636
2024-03-21,7016561.982142448,4254363.305268288
2024-03-22,7087934.111750603,4293285.275214195
2024-03-26,7142919.377375603,4316675.512740135
2024-03-27,7188663.028880119,4320954.316040993
2024-03-28,7253602.115122795,4326081.63774395
2024-04-01,7383989.2722120285,4402233.519633293
2024-04-02,7458490.662013054,4480325.072838783
2024-04-03,7535570.985346794,4510148.77218914
2024-04-04,7548580.501627922,4496519.829882622
2024-04-05,7594660.716700554,4543992.105774879
2024-04-08,7627719.848368645,4545693.28426075
2024-04-09,7665434.430933952,4518178.694176674
2024-04-10,7597026.80974865,4515302.37700367
2024-04-12,7558251.641718864,4455339.021302223
2024-04-15,7526213.388224602,4389684.596623421
2024-04-16,7587275.098994255,4413409.909436226
2024-04-18,7621126.189341545,4390003.748494148
2024-04-19,7678165.854990959,4398996.028325081
2024-04-22,7747651.06830883,4451967.161747932
2024-04-23,7850472.419154167,4509761.971337318
2024-04-24,7908442.191203117,4569015.167992592
2024-04-25,7936898.927302361,4621075.913636208
2024-04-26,8070249.751917839,4677198.068371773
2024-04-29,8131793.09565258,4687482.55927372
2024-04-30,8101660.802424431,4688831.619885445
2024-05-02,8165267.780497551,4719693.774106026
2024-05-03,8184587.573710442,4721879.10873127
2024-05-06,8068964.124629021,4683594.161568642
2024-05-07,7830671.936320305,4570901.755661964
2024-05-08,7907757.04827404,4609800.656762123
2024-05-09,7756257.142085075,4530348.868115425
2024-05-10,7905783.144770622,4529824.586546898
2024-05-13,8046678.476679802,4589250.372038841
2024-05-14,8132572.328974724,4677749.700011253
2024-05-15,8241366.380351067,4751401.964369774
2024-05-16,8325635.998072624,4836297.777647972
2024-05-17,8415918.547068596,4925352.85731411
2024-05-21,8747761.70289135,4957244.761855125
2024-05-22,8710052.918879509,4923361.431731224
2024-05-23,8645993.6334486,4934431.539153099
2024-05-24,8749929.737742424,4983138.171401024
2024-05-27,8844626.735743523,5032002.241484642
2024-05-28,8830450.553874016,5014304.533034325
2024-05-29,8778282.164240837,4945152.768706322
2024-05-30,8553751.315104485,4826502.98545742
2024-05-31,8596344.39278698,4823630.084441185
2024-06-03,8980452.013941765,5033596.889830589
2024-06-04,8041721.69028759,4555763.450881004
2024-06-05,8076307.368250847,4553869.597899437
2024-06-06,8181862.653956413,4625387.191405296
2024-06-07,8209519.623744011,4626862.981871605
2024-06-10,8260095.783228874,4673022.533019066
2024-06-11,8401079.31176281,4725310.415007591
2024-06-12,8447796.918757439,4715505.398528099
2024-06-13,8575542.307307243,4785726.532774925
2024-06-14,8764261.411128044,4852674.779967308
2024-06-18,8903129.374445915,4937614.962676048
2024-06-19,8763888.912135124,4837748.914153099
2024-06-20,8823078.30797863,4876927.577635765
2024-06-21,8726870.968684196,4831324.891905785
2024-06-24,8834265.794581413,4892039.221282005
2024-06-25,8842856.840327263,4901962.160674095
2024-06-26,8842192.598383904,4902597.619750023
2024-06-27,8899087.01323986,4932099.254424095
2024-06-28,8946292.60094738,4947188.4754629135
2024-07-01,9152216.786585808,5008284.397582054
2024-07-02,9168676.123103142,5039585.640379906
2024-07-03,9299513.236231804,5087189.007353783
2024-07-04,9488012.364710808,5190723.167052269
2024-07-05,9625905.971339226,5266115.5684194565
2024-07-08,9630080.017054558,5257196.563780785
2024-07-09,9632134.94243908,5236024.773924828
2024-07-10,9496523.245631218,5148477.6258535385
2024-07-11,9584755.382502556,5179833.882018089
2024-07-12,9478077.21724987,5152583.728941917
2024-07-15,9422501.76488781,5151684.15670681
2024-07-16,9506806.15261364,5203658.73080349
2024-07-18,9375390.788874626,5134387.305449486
2024-07-19,9228838.797968864,5075645.8582754135
2024-07-22,9378217.849635124,5137541.864653587
2024-07-23,9250779.416956902,5056244.241606712
2024-07-24,9317327.135554314,5037154.659575462
2024-07-25,9284258.498011589,4997912.785002708
2024-07-26,9283960.242732048,5005953.984892845
2024-07-29,9427841.277300835,5091390.377402306
2024-07-30,9495302.28679943,5093444.340659142
2024-07-31,9444787.260081291,5063082.196326256
2024-08-01,9348921.223017693,5032195.056052208
2024-08-02,9341429.984812737,5035515.32580471
2024-08-05,9013426.131747246,4836556.035681725
2024-08-06,8889728.560267448,4777718.13339901
2024-08-07,9101729.836314201,4899838.274153709
2024-08-08,9090060.109431267,4924552.367613792
2024-08-09,9135140.085131645,4946056.315901756
2024-08-12,9234240.425204277,4983665.933997154
2024-08-13,9138089.432894707,4931671.573485374
2024-08-14,9031573.136828423,4880128.092162132
2024-08-16,9114006.63659954,4939814.565131187
2024-08-19,9230748.22885418,5001017.624258995
2024-08-20,9210435.054476738,4979603.141928673
2024-08-21,9367988.356890678,5076415.47135067
2024-08-22,9397737.76904583,5067481.730414391
2024-08-23,9498452.204760551,5092321.868643761
2024-08-26,9488740.175829887,5052191.52905941
2024-08-27,9651679.083498955,5154742.616080284
2024-08-28,9692855.08116436,5125766.330534935
2024-08-29,9545619.685229301,5063512.279349327
2024-08-30,9625253.850085258,5075599.821158409
2024-09-02,9530360.197909355,5060434.117072105
2024-09-03,9659061.327197075,5113973.319602013
2024-09-04,9658302.54310894,5107284.930258751
2024-09-05,9590677.064166069,5071154.200919151
2024-09-06,9528568.885867119,5066047.441199303
2024-09-09,9401408.15713787,5060256.015128136
2024-09-10,9542295.431826591,5094933.495131493
2024-09-11,9453558.79663372,5062884.261214256
2024-09-12,9326514.301638603,5102113.832793236
2024-09-13,9453121.19861126,5138140.225905418
2024-09-16,9547141.93637371,5142267.2145757675
2024-09-17,9519061.164980888,5105287.368834496
2024-09-18,9447668.283724785,5106853.15229702
2024-09-19,9353162.247164726,5056680.972594261
2024-09-20,9392758.219698906,5085467.494048119
2024-09-23,9304882.200137138,5065460.8926000595
2024-09-24,9412460.269228935,5085661.468085289
2024-09-25,9358869.98465252,5040329.888251305
2024-09-26,9336639.020388603,5079465.582663536
2024-09-27,9412960.854250908,5129422.264624596
2024-09-30,9417791.387919426,5110498.44451046
2024-10-01,9455888.040675163,5109868.712561607
2024-10-03,9295556.031329155,4943809.060370445
2024-10-04,9225593.408473015,4911574.4048986435
2024-10-07,8731123.109347343,4697860.85668087
2024-10-08,8934888.231783867,4805324.683951378
2024-10-09,9050320.055636406,4881099.27124691
2024-10-10,9084801.280154228,4901975.566840172
2024-10-11,9183511.279086113,4955326.147696495
2024-10-14,9255179.08160305,4962146.184243202
2024-10-15,9272999.58079052,5005934.944611549
2024-10-16,9226657.6130476,4994479.458361626
2024-10-17,9074172.521754265,4910216.629122734
2024-10-18,9135003.887896538,4907094.930560112
2024-10-21,8874639.359160423,4794587.137244225
2024-10-22,8503210.380980492,4587242.377356529
2024-10-23,8568547.518950462,4566389.47727108
2024-10-24,8547274.434203148,4561507.684454918
2024-10-25,8430556.617278099,4501576.352240562
2024-10-28,8514834.765349388,4562428.146185875
2024-10-29,8651723.866850853,4619334.287726402
2024-10-30,8562004.24578762,4602665.1475896835
2024-10-31,8736729.340697289,4702557.758734703
2024-11-01,8813886.571562767,4774366.531165123
2024-11-04,8797249.989012718,4726569.384314537
2024-11-05,8870315.081755638,4774553.111609459
2024-11-06,9021575.436766624,4846411.510931969
2024-11-07,8919912.065764427,4799913.999182701
2024-11-08,8972838.998473167,4784949.872870445
2024-11-11,8807481.316374779,4708112.997961998
2024-11-12,8659410.519133568,4586744.336890221
2024-11-13,8422060.945189476,4443572.148779869
2024-11-14,8410666.079100609,4457877.9076452255
2024-11-18,8466447.353819847,4495566.401144981
2024-11-19,8526403.849913597,4510796.247168541
2024-11-21,8545450.234618187,4511174.916235924
2024-11-22,8633369.851744652,4549430.369757652
2024-11-25,8645481.237303734,4544697.9757146835
2024-11-26,8601609.807494164,4509375.927542686
2024-11-27,8707114.346190453,4538690.650931358
2024-11-28,8726391.389159203,4538586.692038536
2024-11-29,8779699.37078762,4560383.020804405
2024-12-02,8854581.47814846,4591163.450644493
2024-12-03,8929333.912962914,4620535.386343956
2024-12-04,8965458.70080471,4625796.467917442
2024-12-05,9094679.432311058,4692732.3197546005
2024-12-06,9108174.496581078,4723520.39095211
2024-12-09,9173074.04809475,4764173.782828331
2024-12-10,9150895.402892113,4791771.186240196
2024-12-11,9187385.688109398,4785902.889914513
2024-12-12,9045318.838377953,4754344.082724571
2024-12-13,9058479.412779808,4762399.819663048
2024-12-16,9155502.425078392,4788085.253195763
2024-12-17,9162705.63749218,4825664.944022179
2024-12-18,9057858.767325401,4789406.322775841
2024-12-19,9109347.02093792,4807721.338828087
2024-12-20,8851108.90248394,4655087.4857702255
2024-12-23,8875955.828852654,4676291.671378136
2024-12-24,8911798.554190636,4672091.656149864
2024-12-26,8882399.448111534,4662057.752310753
2024-12-27,8908435.421042442,4666576.538352013
2024-12-30,8821931.33910656,4690705.058157921
2024-12-31,8798885.665888786,4674419.359671593
2025-01-01,8833981.59301281,4674983.242606163
2025-01-02,8846599.363825798,4693981.4381017685
2025-01-03,8842424.716975212,4679027.941214561
2025-01-06,8550619.965144157,4525882.140433311
2025-01-07,8688036.58556652,4581292.583731651
2025-01-08,8561541.236506462,4503731.950675011
2025-01-09,8426372.773859978,4436715.15532589
2025-01-10,8260807.913081169,4384141.1920080185
2025-01-13,7983179.8471632,4289613.370779991
2025-01-14,7997004.004450798,4305654.895194054
2025-01-15,8007311.027827263,4311112.171561241
2025-01-16,8007722.306757927,4311330.079764366
2025-01-17,7997747.745905876,4306049.174735069
2025-01-20,7993420.108210564,4303755.133475304
2025-01-21,7995124.034174919,4304659.271414757
2025-01-22,7966061.22393322,4289271.855154991
2025-01-23,7979996.32348156,4296649.3060827255
2025-01-24,7967031.097285271,4289784.810965538
2025-01-27,7903278.576289177,4256030.516776085
2025-01-28,7903278.576289177,4256030.516776085
2025-01-29,7903278.576289177,4256030.516776085
2025-01-30,7903278.576289177,4256030.516776085
2025-01-31,7903278.576289177,4256030.516776085
2025-02-01,7903278.576289177,4256030.516776085
2025-02-03,7903278.576289177,4256030.516776085
2025-02-04,7903278.576289177,4256030.516776085
2025-02-05,7903278.576289177,4256030.516776085
2025-02-06,7903278.576289177,4256030.516776085
2025-02-07,7903278.576289177,4256030.516776085
2025-02-10,7903278.576289177,4256030.516776085
2025-02-11,7903278.576289177,4256030.516776085
2025-02-12,7903278.576289177,4256030.516776085
2025-02-13,7903278.576289177,4256030.516776085
2025-02-14,7903278.576289177,4256030.516776085
2025-02-17,7903278.576289177,4256030.516776085
2025-02-18,7903278.576289177,4256030.516776085
2025-02-19,7903278.576289177,4256030.516776085
2025-02-20,7903278.576289177,4256030.516776085
2025-02-21,7903278.576289177,4256030.516776085
2025-02-24,7903278.576289177,4256030.516776085
2025-02-25,7903278.576289177,4256030.516776085
2025-02-27,7903278.576289177,4256030.516776085
2025-02-28,7903278.576289177,4256030.516776085
2025-03-03,7903278.576289177,4256030.516776085
2025-03-04,7903278.576289177,4256030.516776085
2025-03-05,7903278.576289177,4256030.516776085
2025-03-06,7903278.576289177,4256030.516776085
2025-03-07,7903278.576289177,4256030.516776085
2025-03-10,7903278.576289177,4256030.516776085
2025-03-11,7903278.576289177,4256030.516776085
2025-03-12,7903278.576289177,4256030.516776085
2025-03-13,7903278.576289177,4256030.516776085
2025-03-17,7903278.576289177,4256030.516776085
2025-03-18,7903278.576289177,4256030.516776085
2025-03-19,7903278.576289177,4256030.516776085
2025-03-20,7903278.576289177,4256030.516776085
2025-03-21,7903278.576289177,4256030.516776085
2025-03-24,7903278.576289177,4256030.516776085
2025-03-25,7903278.576289177,4256030.516776085
2025-03-26,7903278.576289177,4256030.516776085
2025-03-27,7903278.576289177,4256030.516776085
2025-03-28,7903278.576289177,4256030.516776085
2025-04-01,7903278.576289177,4256030.516776085
2025-04-02,7903278.576289177,4256030.516776085
2025-04-03,7903278.576289177,4256030.516776085
2025-04-04,7903278.576289177,4256030.516776085
2025-04-07,7903278.576289177,4256030.516776085
2025-04-08,7903278.576289177,4256030.516776085
2025-04-09,7903278.576289177,4256030.516776085
2025-04-11,7903278.576289177,4256030.516776085
2025-04-15,7903278.576289177,4256030.516776085
2025-04-16,7903278.576289177,4256030.516776085
2025-04-17,7903278.576289177,4256030.516776085
2025-04-21,7903278.576289177,4256030.516776085
2025-04-22,7903278.576289177,4256030.516776085
2025-04-23,7903278.576289177,4256030.516776085
2025-04-24,7903278.576289177,4256030.516776085
2025-04-25,7903278.576289177,4256030.516776085
2025-04-28,7903278.576289177,4256030.516776085
2025-04-29,7903278.576289177,4256030.516776085
2025-04-30,7903278.576289177,4256030.516776085
2025-05-02,7903278.576289177,4256030.516776085
2025-05-05,7993387.299204826,4294705.552084923
2025-05-06,7901409.7311964035,4254282.358878136
2025-05-07,7992925.531413078,4308607.738547325
2025-05-08,7856144.840907097,4228753.530112267
2025-05-09,7830866.437479973,4201460.613913536
2025-05-12,8060726.301753044,4311213.433859825
2025-05-13,8163818.155772209,4368057.016562462
2025-05-14,8225043.176188469,4387784.211081505
2025-05-15,8324527.112895012,4429272.921256065
2025-05-16,8352793.797709465,4454737.658652306
2025-05-19,8294937.891306877,4408279.067130089
2025-05-20,8206371.501246452,4355149.602805138
2025-05-21,8266595.98867321,4376491.442709923
2025-05-22,8270159.65160656,4375237.768362999
2025-05-23,8319627.7663526535,4401761.539298058
2025-05-26,8341984.227702141,4414066.487448692
2025-05-27,8349392.3877363205,4421473.138419151
2025-05-28,8442995.421061516,4448012.40267086
2025-05-29,8500615.110957146,4507050.825583458
2025-05-30,8557150.532465935,4522241.350729942
2025-06-02,8634525.931910515,4555479.568762779
2025-06-03,8683956.945780754,4572006.618842125
2025-06-04,8771355.656359673,4626380.849104881
2025-06-05,8821392.406855583,4658400.954535484
2025-06-06,8756504.959116936,4637252.774207115
2025-06-09,8848499.929369926,4676651.354353905
2025-06-10,8940308.662882805,4716796.810461998
2025-06-11,8823132.589648247,4667967.567702293
2025-06-12,8700760.323634148,4600319.458807945
2025-06-13,8699572.265414238,4596094.036986351
2025-06-16,8756147.676016808,4632430.889025688
2025-06-17,8719601.181929588,4628705.897295952
2025-06-18,8708677.083571434,4620757.521594048
2025-06-19,8571465.754637718,4533084.510210991
2025-06-20,8658191.440947533,4515733.51979351
2025-06-23,8721502.529047966,4550999.749468803
2025-06-24,8640909.07638836,4511338.410326958
2025-06-25,8694496.994708061,4553677.878893852
2025-06-26,8763696.725398064,4592358.027911186
2025-06-27,8795239.824687004,4632039.336886406
2025-06-30,8935574.503718376,4654254.699542046
2025-07-01,8866656.822901726,4608266.812273979
2025-07-02,8783546.124712944,4550569.525790215
2025-07-03,8777097.754267693,4555444.404650688
2025-07-04,8816337.41093731,4544757.30559063
2025-07-07,8729386.516001701,4534630.782336235
2025-07-08,8735500.1258955,4501170.417834282
2025-07-09,8847807.280398369,4537263.204577446
2025-07-10,8851736.87337017,4518686.469531059
2025-07-11,8801077.284121513,4459314.985583305
2025-07-14,8955398.068188667,4516589.914124489
2025-07-15,8909080.125807762,4509779.154135704
2025-07-16,8852990.17443943,4500288.610753059
2025-07-17,8836865.778550148,4519110.043843269
2025-07-18,8757819.691124916,4467244.196080208
2025-07-21,8720526.926133156,4430619.205452919
2025-07-22,8679848.596621513,4411995.577105522
2025-07-23,8663883.976973534,4426396.872572899
2025-07-24,8707057.757138252,4423312.251957893
2025-07-25,8595989.302168846,4387640.727171898
2025-07-28,8633629.797623634,4369860.362267494
2025-07-29,8814453.778294563,4429108.4856386185
2025-07-30,8821167.791481972,4431238.943390846
2025-07-31,8738807.946606636,4362516.924427986
2025-08-01,8637216.280911446,4295326.247441292
2025-08-04,8735073.54403019,4305348.884552956
2025-08-05,8668423.181229591,4254239.319588661
2025-08-06,8648206.299918175,4225434.677451134
2025-08-07,8625486.862875938,4235023.640234947
2025-08-08,8606340.485154152,4216787.867699623
2025-08-11,8722472.151104927,4281913.949223518
2025-08-12,8654403.788126945,4247167.409953117
2025-08-13,8801672.034846306,4285922.1912641525
2025-08-14,8698663.858958244,4251104.801371574
2025-08-18,8780371.878733635,4265052.664774895
2025-08-19,8904592.019236565,4297629.427012444
2025-08-20,8904428.589243889,4324460.549448967
2025-08-21,8962105.902659416,4314592.373667717
2025-08-22,8942432.956065178,4329239.647257805
2025-08-25,8917209.119288445,4353584.484980583
2025-08-26,8841480.580927849,4309301.363337517
2025-08-28,8745671.303492546,4260818.41356945
2025-08-29,8811805.769755363,4301585.347208977
2025-09-01,9050963.258723259,4382097.104182243
2025-09-02,9108349.886057854,4383300.289469719
2025-09-03,9155846.699900627,4449994.1658735275
2025-09-04,9045345.899760246,4397159.900858879
2025-09-05,9089308.86405468,4438783.43928051
2025-09-08,9099722.58809948,4442628.472956657
2025-09-09,9142107.283976555,4439694.731699944
2025-09-10,9110501.419093132,4434197.18007946
2025-09-11,9027392.849783897,4439648.255961418
2025-09-12,9074030.705721855,4471698.898036003
2025-09-15,9253015.707678795,4516908.193720818
2025-09-16,9239889.323451042,4553684.134791374
2025-09-17,9263241.563879967,4557982.220072746
2025-09-18,9161643.315402031,4553715.647547722
2025-09-19,9166383.30192089,4530350.487467766
2025-09-22,9156316.27590084,4520120.074046135
2025-09-23,9161860.054839134,4520000.145998955
2025-09-24,9063659.711833,4472764.023192406
2025-09-25,9027010.122683525,4464373.725115776
2025-09-26,8956113.025279045,4377328.406352043
2025-09-29,9021104.076649666,4418570.000758171
2025-09-30,8975420.710313797,4500578.263712883
2025-10-01,9187301.780276299,4592435.751437187
2025-10-03,9324950.858363152,4618080.117316246
2025-10-06,9253766.703260422,4591372.423064232
2025-10-07,9293892.278941154,4574947.656516075
2025-10-08,9192106.475805283,4516103.750445366
2025-10-09,9245205.581077576,4572252.283499718
2025-10-10,9139278.992956161,4511355.110766411
2025-10-13,9091351.59937191,4499839.274401665
2025-10-14,9019757.10928154,4473082.606375694
2025-10-15,9089640.481631279,4487882.3086156845
2025-10-16,8984685.551854134,4441551.085806847
2025-10-17,8934185.466386795,4421781.024405479
2025-10-20,9041243.021793365,4436165.480124474
2025-10-21,9076561.345080376,4454949.375769615
2025-10-23,8933200.934370995,4378317.591803551
2025-10-24,8986941.32818222,4403052.45081234
2025-10-27,9092919.638853073,4471934.126318932
2025-10-28,9101253.64081192,4464185.095236778
2025-10-29,9063263.611356735,4460871.5156469345
2025-10-30,8999403.59963131,4454646.821051598
2025-10-31,8987670.502799034,4438274.988562584
2025-11-03,9015322.488944054,4447904.466406822
2025-11-04,8893930.38088131,4383196.80060482
2025-11-06,8674770.648840904,4283274.120230675
2025-11-07,8644823.097495079,4309332.3901433945
2025-11-10,8657963.944022179,4310389.320700645
2025-11-11,8571012.490363121,4265052.3158483505
2025-11-12,8535061.326041222,4288459.555624962
2025-11-13,8491957.318167686,4289671.616171837
2025-11-14,8529742.856986046,4295970.46883297
2025-11-17,8590609.813773155,4315218.661032677
2025-11-18,8540920.739951134,4284333.495627403
2025-11-19,8501215.411566734,4268491.461844444
2025-11-20,8510709.525732994,4279451.339774132
2025-11-21,8416056.173483849,4233497.01985836
2025-11-24,8423859.069678307,4182319.5840978622
2025-11-25,8410827.966284752,4172960.5901403427
2025-11-26,8402902.931326866,4185110.0132665634
2025-11-27,8346916.990042686,4148400.9148168564
2025-11-28,8353398.033926964,4141486.1352758408
2025-12-01,8288675.764334679,4142908.5981054306
2025-12-02,8256787.2728796005,4150463.0985326767
2025-12-03,8193822.098196983,4127799.1391210556
2025-12-04,8067327.911673546,4078285.9958105087
2025-12-05,8084957.918875694,4067011.653769493
2025-12-08,7927876.302237511,4001683.333914757
2025-12-09,7958845.395987511,3963591.7745275497
2025-12-10,7890798.117850304,3938898.538687706
2025-12-11,7919715.205801964,3961967.168753624
2025-12-12,8020624.15758419,3997749.1632909775
2025-12-15,8090983.030936241,4041813.4909124374
2025-12-16,8034267.809958458,4028567.823615074
2025-12-17,8013616.153159142,4001220.1079473495
2025-12-18,8079614.927512169,4032109.4951086044
2025-12-19,8184846.812033653,4100421.8586645126
2025-12-22,8332250.03385067,4158095.566046715
2025-12-23,8350856.877661705,4162234.6815862656
2025-12-24,8442325.170966148,4164266.5712652206
2025-12-26,8491785.604376793,4180474.318549156
2025-12-29,8417852.914542198,4161769.0572423935
2025-12-30,8642282.162863731,4268838.9188604355
2025-12-31,8657506.026434898,4274112.293540001
2026-01-01,8704142.650336266,4313941.248785973
2026-01-02,8734489.763998985,4345183.577231407
2026-01-05,8817298.865912437,4378208.564017296
2026-01-06,8848211.705801964,4380112.043707848
2026-01-07,8771000.80930233,4348257.280020714
2026-01-08,8616297.734930992,4262710.574179649
2026-01-09,8514328.234168053,4243426.577933311
2026-01-12,8635522.268195152,4259951.739600182
2026-01-13,8641428.567923546,4249496.431799889
2026-01-14,8773091.754797935,4318699.875281334
2026-01-16,8758508.619116783,4308225.577078819
2026-01-19,8757722.72701168,4335849.027091026
2026-01-20,8535846.799551964,4239689.172171593
2026-01-21,8551424.940497398,4261950.656653404
2026-01-22,8599780.349234581,4296027.142004967
2026-01-23,8507784.655142784,4272264.115042686
2026-01-27,8642763.023276329,4340956.584692955
2026-01-28,8913474.005164146,4497133.466803551
2026-01-29,9258999.69942379,4650520.701712608
2026-01-30,8847898.41225338,4488856.309729576
2026-02-02,8394620.801672935,4287907.343253136
2026-02-03,8615647.545477867,4388758.170554161
2026-02-04,8724640.446692467,4444415.118948936
2026-02-05,8602668.775839806,4371450.605124474
2026-02-06,8621878.138220787,4381339.736868858
2026-02-09,8841771.128653526,4507438.39775753
2026-02-10,8859053.048651695,4544302.3960027695
2026-02-11,8902770.449942589,4572153.063986778
2026-02-12,8914409.278830528,4585106.676810265
2026-02-13,8696243.068717003,4466813.189551353
2026-02-16,8801422.684210777,4516633.723608971
2026-02-17,8760527.091498375,4505709.653113365
2026-02-18,8855684.431494713,4550274.50662899
2026-02-19,8746953.714240074,4486996.078604698
2026-02-20,8838591.38301754,4521950.764716148
2026-02-23,8872367.787985802,4554631.330496788
2026-02-24,8925078.629202843,4587217.949942589
2026-02-25,9157907.254263878,4682751.489584923
2026-02-26,9215522.20596981,4716804.537283897
2026-02-27,9118338.02350521,4675871.576910973
2026-03-02,9046745.746634483,4642713.9827337265
2026-03-04,8775400.286154747,4515733.244879723
2026-03-05,8914235.505515099,4599294.886862755
2026-03-06,8908293.841971397,4582234.838049889
2026-03-09,8712524.796118736,4481221.127356529
2026-03-10,8751568.485510826,4502065.925848961
2026-03-11,8735660.350714684,4489724.992056847
2026-03-12,8758544.49994564,4500151.258490562
2026-03-13,8619934.948584557,4418407.758109093
2026-03-16,8591646.723273277,4404656.079916954
2026-03-17,8677133.876563072,4455999.461722374
2026-03-18,8622892.040808678,4432775.789786339
2026-03-19,8569900.037329674,4400755.55388546
2026-03-20,8524858.24643612,4384012.149466515
2026-03-23,8492830.776770592,4355448.729605675
2026-03-24,8492830.776770592,4367765.792105675
2026-03-25,8492830.776770592,4378083.354605675
2026-03-27,8492830.776770592,4362327.104605675
2026-03-30,8492830.776770592,4355128.823355675
2026-04-01,8492830.776770592,4368405.635855675
2026-04-02,8492830.776770592,4372564.667105675
2026-04-06,8492830.776770592,4367605.854605675
2026-04-07,8492830.776770592,4367845.792105675
2026-04-08,8492830.776770592,4382002.417105675
2026-04-09,8492830.776770592,4404397.042105675
2026-04-10,8492830.776770592,4422152.823355675
2026-04-13,8492830.776770592,4420553.198355675
2026-04-15,8492830.776770592,4422312.792105675
2026-04-16,8492830.776770592,4419433.479605675
2026-04-17,8492830.776770592,4430150.917105675
2026-04-20,8492830.776770592,4441668.167105675
2026-04-21,8492830.776770592,4445587.229605675
2026-04-22,8492830.776770592,4452705.510855675
2026-04-23,8492830.776770592,4474860.229605675
2026-04-24,8492830.776770592,4482538.385855675
2026-04-27,8492830.776770592,4480378.917105675
2026-04-28,8492830.776770592,4492216.073355675
2026-04-29,8492830.776770592,4493495.760855675
2026-04-30,8492830.776770592,4504133.260855675
2026-05-04,8492830.776770592,4507012.573355675
2026-05-05,8492830.776770592,4515410.573355675
2026-05-06,8492830.776770592,4501413.885855675
2026-05-07,8492830.776770592,4525328.198355675
2026-05-08,8492830.776770592,4511411.510855675
2026-05-11,8492830.776770592,4495655.260855675
2026-05-12,8492830.776770592,4483578.135855675
2026-05-13,8492830.776770592,4475260.135855675
2026-05-14,8492830.776770592,4475260.135855675
2026-05-15,8492830.776770592,4475260.135855675
2026-05-18,8492830.776770592,4475260.135855675
2026-05-19,8492830.776770592,4475260.135855675
2026-05-20,8492830.776770592,4475260.135855675
2026-05-21,8492830.776770592,4475260.135855675
2026-05-22,8492830.776770592,4475260.135855675
2026-05-25,8492830.776770592,4475260.135855675
2026-05-26,8492830.776770592,4475260.135855675
2026-05-27,8492830.776770592,4475260.135855675
2026-05-29,8492830.776770592,4475260.135855675
2026-06-01,8492830.776770592,4475260.135855675
2026-06-02,8492830.776770592,4475260.135855675
2026-06-03,8492830.776770592,4475260.135855675
2026-06-04,8492830.776770592,4475260.135855675
2026-06-05,8492830.776770592,4475260.135855675
2026-06-08,8492830.776770592,4475260.135855675
2026-06-09,8492830.776770592,4475260.135855675
2026-06-10,8492830.776770592,4475260.135855675
2026-06-11,8492830.776770592,4475260.135855675
2026-06-12,8492830.776770592,4475260.135855675
2026-06-15,8492830.776770592,4475260.135855675
2026-06-16,8492830.776770592,4475260.135855675
2026-06-17,8492830.776770592,4475260.135855675
2026-06-18,8492830.776770592,4475260.135855675
2026-06-19,8492830.776770592,4475260.135855675
2026-06-22,8492830.776770592,4475260.135855675
2026-06-23,8492830.776770592,4475260.135855675
2026-06-24,8492830.776770592,4475260.135855675
2026-06-25,8492830.776770592,4475260.135855675
2026-06-29,8492830.776770592,4475260.135855675
2026-06-30,8492830.776770592,4475260.135855675
2026-07-01,8492830.776770592,4475260.135855675
2026-07-02,8492830.776770592,4475260.135855675
2026-07-03,8492830.776770592,4475260.135855675
2026-07-06,8492830.776770592,4475260.135855675
2026-07-07,8492830.776770592,4475260.135855675
2026-07-08,8492830.776770592,4475260.135855675
2026-07-09,8492830.776770592,4475260.135855675
2026-07-10,8492830.776770592,4475260.135855675
2026-07-13,8492830.776770592,4475260.135855675
2026-07-14,8492830.776770592,4475260.135855675
2026-07-15,8492830.776770592,4475260.135855675
2026-07-16,8492830.776770592,4475260.135855675
2026-07-17,8492830.776770592,4475260.135855675
2026-07-20,8492830.776770592,4475260.135855675
2026-07-21,8492830.776770592,4475260.135855675
2026-07-22,8492830.776770592,4475260.135855675
2026-07-23,8492830.776770592,4475260.135855675
2026-07-24,8492830.776770592,4475260.135855675
2026-07-27,8492830.776770592,4475260.135855675
2026-07-28,8492830.776770592,4475260.135855675
2026-07-29,8492830.776770592,4475260.135855675
2026-07-30,8492830.776770592,4475260.135855675
2026-07-31,8492830.776770592,4475260.135855675
2026-08-03,8492830.776770592,4475260.135855675
2026-08-04,8492830.776770592,4475260.135855675
2026-08-05,8492830.776770592,4475260.135855675
2026-08-06,8492830.776770592,4475260.135855675
2026-08-07,8492830.776770592,4475260.135855675
2026-08-10,8492830.776770592,4475260.135855675
2026-08-11,8492830.776770592,4475260.135855675
2026-08-12,8492830.776770592,4475260.135855675
2026-08-13,8492830.776770592,4475260.135855675
2026-08-14,8492830.776770592,4475260.135855675
2026-08-17,8492830.776770592,4475260.135855675
2026-08-18,8492830.776770592,4475260.135855675
2026-08-19,8492830.776770592,4475260.135855675
2026-08-20,8492830.776770592,4475260.135855675
2026-08-21,8492830.776770592,4475260.135855675
2026-08-24,8492830.776770592,4475260.135855675
2026-08-25,8492830.776770592,4475260.135855675
2026-08-26,8492830.776770592,4475260.135855675
2026-08-27,8492830.776770592,4475260.135855675
2026-08-28,8492830.776770592,4475260.135855675
2026-08-31,8492830.776770592,4475260.135855675
